body,apollo_sample_id,site,adams_specimen_id,corrected_measurement_id,literature_description,literature_feo_wt_percent,literature_is_over_feo,literature_tio2_wt_percent,mapping_confidence,mapping_source,mapping_source_url
Apollo,10084,Apollo 11,LS-JBA-006-P1,CLS052,Soil Mare Breccia Bulk,15.8,78,7.5,explicit_exact_pair,"Bhatt 2012 doctoral thesis, Appendix B, Table B.1",https://www.mps.mpg.de/phd/theses/mineralogical-analysis-and-iron-abundance-estimation-of-the-moon-using-the-sir-2-and-other-vis-nir-spectrometers-on-board-the-lunar-orbiter-chandrayaan-1.pdf
Apollo,12042,Apollo 12,LS-JBA-036-P2,CLS476,Soil Mare Bulk,16.2,61,2.7,explicit_exact_pair,"Bhatt 2012 doctoral thesis, Appendix B, Table B.1",https://www.mps.mpg.de/phd/theses/mineralogical-analysis-and-iron-abundance-estimation-of-the-moon-using-the-sir-2-and-other-vis-nir-spectrometers-on-board-the-lunar-orbiter-chandrayaan-1.pdf
Apollo,12070,Apollo 12,LS-JBA-060-P1,CLS531,Soil Mare Bulk,16.4,47,2.8,explicit_exact_pair,"Bhatt 2012 doctoral thesis, Appendix B, Table B.1",https://www.mps.mpg.de/phd/theses/mineralogical-analysis-and-iron-abundance-estimation-of-the-moon-using-the-sir-2-and-other-vis-nir-spectrometers-on-board-the-lunar-orbiter-chandrayaan-1.pdf
Apollo,14003,Apollo 14 LM,LS-JBA-070-P,CLS237,Soil Highland Bulk,10.5,66,1.8,explicit_exact_pair,"Bhatt 2012 doctoral thesis, Appendix B, Table B.1",https://www.mps.mpg.de/phd/theses/mineralogical-analysis-and-iron-abundance-estimation-of-the-moon-using-the-sir-2-and-other-vis-nir-spectrometers-on-board-the-lunar-orbiter-chandrayaan-1.pdf
Apollo,14141,Apollo 14 SC,LS-JBA-076-P1,CLS271,Soil Highland Bulk,10.4,5.7,1.7,explicit_exact_pair,"Bhatt 2012 doctoral thesis, Appendix B, Table B.1",https://www.mps.mpg.de/phd/theses/mineralogical-analysis-and-iron-abundance-estimation-of-the-moon-using-the-sir-2-and-other-vis-nir-spectrometers-on-board-the-lunar-orbiter-chandrayaan-1.pdf
Apollo,14148,Apollo 14 SG,LS-JBA-081-P,CLS391,Soil Highland Bulk,10.6,74,1.7,explicit_exact_pair,"Bhatt 2012 doctoral thesis, Appendix B, Table B.1",https://www.mps.mpg.de/phd/theses/mineralogical-analysis-and-iron-abundance-estimation-of-the-moon-using-the-sir-2-and-other-vis-nir-spectrometers-on-board-the-lunar-orbiter-chandrayaan-1.pdf
Apollo,14149,Apollo 14 SG,LS-JBA-084-M,CLS016,Soil Highland Magnetic,10.0,53,1.6,explicit_exact_pair,"Bhatt 2012 doctoral thesis, Appendix B, Table B.1",https://www.mps.mpg.de/phd/theses/mineralogical-analysis-and-iron-abundance-estimation-of-the-moon-using-the-sir-2-and-other-vis-nir-spectrometers-on-board-the-lunar-orbiter-chandrayaan-1.pdf
Apollo,14163,Apollo 14 LM,LS-JBA-088-P,CLS174,Soil Highland Bulk,10.4,57,1.8,explicit_exact_pair,"Bhatt 2012 doctoral thesis, Appendix B, Table B.1",https://www.mps.mpg.de/phd/theses/mineralogical-analysis-and-iron-abundance-estimation-of-the-moon-using-the-sir-2-and-other-vis-nir-spectrometers-on-board-the-lunar-orbiter-chandrayaan-1.pdf
Apollo,14259,Apollo 14 LM,LS-JBA-091-P4,CLS036,Soil Highland Bulk,10.4,85,1.7,explicit_exact_pair,"Bhatt 2012 doctoral thesis, Appendix B, Table B.1",https://www.mps.mpg.de/phd/theses/mineralogical-analysis-and-iron-abundance-estimation-of-the-moon-using-the-sir-2-and-other-vis-nir-spectrometers-on-board-the-lunar-orbiter-chandrayaan-1.pdf
Apollo,14260,Apollo 14 LM,LS-JBA-092-PX,CLS428,Soil Highland Bulk Mixture,11.1,72,1.9,explicit_exact_pair,"Bhatt 2012 doctoral thesis, Appendix B, Table B.1",https://www.mps.mpg.de/phd/theses/mineralogical-analysis-and-iron-abundance-estimation-of-the-moon-using-the-sir-2-and-other-vis-nir-spectrometers-on-board-the-lunar-orbiter-chandrayaan-1.pdf
Apollo,15081,Apollo 15 S1,LS-JBA-108,CLS294,Soil Highland Boundary,15.3,68,1.6,explicit_exact_pair,"Bhatt 2012 doctoral thesis, Appendix B, Table B.1",https://www.mps.mpg.de/phd/theses/mineralogical-analysis-and-iron-abundance-estimation-of-the-moon-using-the-sir-2-and-other-vis-nir-spectrometers-on-board-the-lunar-orbiter-chandrayaan-1.pdf
Apollo,15081,Apollo 15 S1,LS-JBA-108,CLS295,Soil Highland Boundary,16.8,68,1.6,explicit_exact_pair,"Bhatt 2012 doctoral thesis, Appendix B, Table B.1",https://www.mps.mpg.de/phd/theses/mineralogical-analysis-and-iron-abundance-estimation-of-the-moon-using-the-sir-2-and-other-vis-nir-spectrometers-on-board-the-lunar-orbiter-chandrayaan-1.pdf
Apollo,15101,Apollo 15 S2,LS-JBA-111-P2,CLS232,Soil Highland Boundary Bulk,11.5,70,1.3,explicit_exact_pair,"Bhatt 2012 doctoral thesis, Appendix B, Table B.1",https://www.mps.mpg.de/phd/theses/mineralogical-analysis-and-iron-abundance-estimation-of-the-moon-using-the-sir-2-and-other-vis-nir-spectrometers-on-board-the-lunar-orbiter-chandrayaan-1.pdf
Apollo,15211,Apollo 15 S2,LS-JBA-113,CLS087,Soil Highland Boundary Bulk,11.7,60,1.3,explicit_exact_pair,"Bhatt 2012 doctoral thesis, Appendix B, Table B.1",https://www.mps.mpg.de/phd/theses/mineralogical-analysis-and-iron-abundance-estimation-of-the-moon-using-the-sir-2-and-other-vis-nir-spectrometers-on-board-the-lunar-orbiter-chandrayaan-1.pdf
Apollo,15231,Apollo 15 S2,LS-JBA-116-P2,CLS254,Soil Highland Boundary Bulk,11.5,71,1.3,explicit_exact_pair,"Bhatt 2012 doctoral thesis, Appendix B, Table B.1",https://www.mps.mpg.de/phd/theses/mineralogical-analysis-and-iron-abundance-estimation-of-the-moon-using-the-sir-2-and-other-vis-nir-spectrometers-on-board-the-lunar-orbiter-chandrayaan-1.pdf
Apollo,15471,Apollo 15 S4,LS-JBA-125-P3,CLS467,Soil Mare Bulk,16.6,34,1.2,explicit_exact_pair,"Bhatt 2012 doctoral thesis, Appendix B, Table B.1",https://www.mps.mpg.de/phd/theses/mineralogical-analysis-and-iron-abundance-estimation-of-the-moon-using-the-sir-2-and-other-vis-nir-spectrometers-on-board-the-lunar-orbiter-chandrayaan-1.pdf
Apollo,15271,Apollo 15 S6,LS-JBA-119-P2,CLS260,Soil Highland Bulk,12.1,63,1.5,explicit_exact_pair,"Bhatt 2012 doctoral thesis, Appendix B, Table B.1",https://www.mps.mpg.de/phd/theses/mineralogical-analysis-and-iron-abundance-estimation-of-the-moon-using-the-sir-2-and-other-vis-nir-spectrometers-on-board-the-lunar-orbiter-chandrayaan-1.pdf
Apollo,15501,Apollo 15 S9,LS-JBA-127-P2,CLS408,Soil Mare Bulk,16.9,51,1.8,explicit_exact_pair,"Bhatt 2012 doctoral thesis, Appendix B, Table B.1",https://www.mps.mpg.de/phd/theses/mineralogical-analysis-and-iron-abundance-estimation-of-the-moon-using-the-sir-2-and-other-vis-nir-spectrometers-on-board-the-lunar-orbiter-chandrayaan-1.pdf
Apollo,15531,Apollo 15 S9,LS-JBA-128-P1,CLS286,Soil Mare Bulk,19.2,27,2.0,explicit_exact_pair,"Bhatt 2012 doctoral thesis, Appendix B, Table B.1",https://www.mps.mpg.de/phd/theses/mineralogical-analysis-and-iron-abundance-estimation-of-the-moon-using-the-sir-2-and-other-vis-nir-spectrometers-on-board-the-lunar-orbiter-chandrayaan-1.pdf
Apollo,15301,Apollo 15 S7,LS-JBA-120-P1,CLS279,Soil Highland Bulk,14.1,48,1.2,explicit_exact_pair,"Bhatt 2012 doctoral thesis, Appendix B, Table B.1",https://www.mps.mpg.de/phd/theses/mineralogical-analysis-and-iron-abundance-estimation-of-the-moon-using-the-sir-2-and-other-vis-nir-spectrometers-on-board-the-lunar-orbiter-chandrayaan-1.pdf
Apollo,15601,Apollo 15 S9a,LS-JBA-130-P,CLS086,Soil Mare Bulk,19.8,29,2.0,explicit_exact_pair,"Bhatt 2012 doctoral thesis, Appendix B, Table B.1",https://www.mps.mpg.de/phd/theses/mineralogical-analysis-and-iron-abundance-estimation-of-the-moon-using-the-sir-2-and-other-vis-nir-spectrometers-on-board-the-lunar-orbiter-chandrayaan-1.pdf
Apollo,61221,Apollo 16 S1,LS-JBA-154-P,CLS429,Soil Highland Bulk,4.9,9.2,0.5,explicit_exact_pair,"Bhatt 2012 doctoral thesis, Appendix B, Table B.1",https://www.mps.mpg.de/phd/theses/mineralogical-analysis-and-iron-abundance-estimation-of-the-moon-using-the-sir-2-and-other-vis-nir-spectrometers-on-board-the-lunar-orbiter-chandrayaan-1.pdf
Apollo,61141,Apollo 16 S1,LS-JBA-152-P,CLS357,Soil Highland Bulk,5.4,56,0.6,explicit_exact_pair,"Bhatt 2012 doctoral thesis, Appendix B, Table B.1",https://www.mps.mpg.de/phd/theses/mineralogical-analysis-and-iron-abundance-estimation-of-the-moon-using-the-sir-2-and-other-vis-nir-spectrometers-on-board-the-lunar-orbiter-chandrayaan-1.pdf
Apollo,61161,Apollo 16 S2,LS-JBA-153-P,CLS183,Soil Highland Bulk,5.4,82,0.6,explicit_exact_pair,"Bhatt 2012 doctoral thesis, Appendix B, Table B.1",https://www.mps.mpg.de/phd/theses/mineralogical-analysis-and-iron-abundance-estimation-of-the-moon-using-the-sir-2-and-other-vis-nir-spectrometers-on-board-the-lunar-orbiter-chandrayaan-1.pdf
Apollo,61241,Apollo 16 S2,LS-JBA-155-P2,CLS044,Soil Highland Bulk,5.4,47,0.6,explicit_exact_pair,"Bhatt 2012 doctoral thesis, Appendix B, Table B.1",https://www.mps.mpg.de/phd/theses/mineralogical-analysis-and-iron-abundance-estimation-of-the-moon-using-the-sir-2-and-other-vis-nir-spectrometers-on-board-the-lunar-orbiter-chandrayaan-1.pdf
Apollo,61241,Apollo 16 S2,LS-JBA-155-P3,CLS438,Soil Highland Bulk,5.4,47,0.6,explicit_exact_pair,"Bhatt 2012 doctoral thesis, Appendix B, Table B.1",https://www.mps.mpg.de/phd/theses/mineralogical-analysis-and-iron-abundance-estimation-of-the-moon-using-the-sir-2-and-other-vis-nir-spectrometers-on-board-the-lunar-orbiter-chandrayaan-1.pdf
Apollo,61281,Apollo 16 S2,LS-JBA-156-P,CLS182,Soil Highland Bulk,5.4,69,0.6,explicit_exact_pair,"Bhatt 2012 doctoral thesis, Appendix B, Table B.1",https://www.mps.mpg.de/phd/theses/mineralogical-analysis-and-iron-abundance-estimation-of-the-moon-using-the-sir-2-and-other-vis-nir-spectrometers-on-board-the-lunar-orbiter-chandrayaan-1.pdf
Apollo,64421,Apollo 16 S4,LS-JBA-162-P3,CLS252,Soil Highland Bulk,4.6,83,0.5,explicit_exact_pair,"Bhatt 2012 doctoral thesis, Appendix B, Table B.1",https://www.mps.mpg.de/phd/theses/mineralogical-analysis-and-iron-abundance-estimation-of-the-moon-using-the-sir-2-and-other-vis-nir-spectrometers-on-board-the-lunar-orbiter-chandrayaan-1.pdf
Apollo,64421,Apollo 16 S4,LS-JBA-162-P2,CLS243,Soil Highland Bulk,4.6,83,0.5,explicit_exact_pair,"Bhatt 2012 doctoral thesis, Appendix B, Table B.1",https://www.mps.mpg.de/phd/theses/mineralogical-analysis-and-iron-abundance-estimation-of-the-moon-using-the-sir-2-and-other-vis-nir-spectrometers-on-board-the-lunar-orbiter-chandrayaan-1.pdf
Apollo,64501,Apollo 16 S4,LS-JBA-163-P,CLS029,Soil Highland Bulk,4.6,61,0.5,explicit_exact_pair,"Bhatt 2012 doctoral thesis, Appendix B, Table B.1",https://www.mps.mpg.de/phd/theses/mineralogical-analysis-and-iron-abundance-estimation-of-the-moon-using-the-sir-2-and-other-vis-nir-spectrometers-on-board-the-lunar-orbiter-chandrayaan-1.pdf
Apollo,64801,Apollo 16 4b,LS-JBA-164-P,CLS023,Soil Highland Bulk,5.2,71,0.5,explicit_exact_pair,"Bhatt 2012 doctoral thesis, Appendix B, Table B.1",https://www.mps.mpg.de/phd/theses/mineralogical-analysis-and-iron-abundance-estimation-of-the-moon-using-the-sir-2-and-other-vis-nir-spectrometers-on-board-the-lunar-orbiter-chandrayaan-1.pdf
Apollo,65501,Apollo 16 S5,LS-JBA-166-P,CLS401,Soil Highland Bulk,5.9,38,0.7,explicit_exact_pair,"Bhatt 2012 doctoral thesis, Appendix B, Table B.1",https://www.mps.mpg.de/phd/theses/mineralogical-analysis-and-iron-abundance-estimation-of-the-moon-using-the-sir-2-and-other-vis-nir-spectrometers-on-board-the-lunar-orbiter-chandrayaan-1.pdf
Apollo,68501,Apollo 16 S8,LS-JBA-178,CLS430,Soil Highland Bulk,5.6,85,0.6,explicit_exact_pair,"Bhatt 2012 doctoral thesis, Appendix B, Table B.1",https://www.mps.mpg.de/phd/theses/mineralogical-analysis-and-iron-abundance-estimation-of-the-moon-using-the-sir-2-and-other-vis-nir-spectrometers-on-board-the-lunar-orbiter-chandrayaan-1.pdf
Apollo,68841,Apollo 16 S8,LS-JBA-180-P,CLS392,Soil Highland Bulk,5.5,70,0.6,explicit_exact_pair,"Bhatt 2012 doctoral thesis, Appendix B, Table B.1",https://www.mps.mpg.de/phd/theses/mineralogical-analysis-and-iron-abundance-estimation-of-the-moon-using-the-sir-2-and-other-vis-nir-spectrometers-on-board-the-lunar-orbiter-chandrayaan-1.pdf
Apollo,69921,Apollo 16 S9,LS-JBA-181-P,CLS341,Soil Highland Bulk,5.6,90,0.6,explicit_exact_pair,"Bhatt 2012 doctoral thesis, Appendix B, Table B.1",https://www.mps.mpg.de/phd/theses/mineralogical-analysis-and-iron-abundance-estimation-of-the-moon-using-the-sir-2-and-other-vis-nir-spectrometers-on-board-the-lunar-orbiter-chandrayaan-1.pdf
Apollo,69941,Apollo 16 S9,LS-JBA-182-M,CLS017,Soil Highland Magnetic,5.7,85,0.6,explicit_exact_pair,"Bhatt 2012 doctoral thesis, Appendix B, Table B.1",https://www.mps.mpg.de/phd/theses/mineralogical-analysis-and-iron-abundance-estimation-of-the-moon-using-the-sir-2-and-other-vis-nir-spectrometers-on-board-the-lunar-orbiter-chandrayaan-1.pdf
Apollo,69961,Apollo 16 S9,LS-JBA-183-P,CLS398,Soil Highland Bulk,5.6,92,0.6,explicit_exact_pair,"Bhatt 2012 doctoral thesis, Appendix B, Table B.1",https://www.mps.mpg.de/phd/theses/mineralogical-analysis-and-iron-abundance-estimation-of-the-moon-using-the-sir-2-and-other-vis-nir-spectrometers-on-board-the-lunar-orbiter-chandrayaan-1.pdf
Apollo,60601,Apollo 16 S10,LS-JBA-151-P,CLS393,Soil Highland Bulk,5.6,85,0.6,explicit_exact_pair,"Bhatt 2012 doctoral thesis, Appendix B, Table B.1",https://www.mps.mpg.de/phd/theses/mineralogical-analysis-and-iron-abundance-estimation-of-the-moon-using-the-sir-2-and-other-vis-nir-spectrometers-on-board-the-lunar-orbiter-chandrayaan-1.pdf
Apollo,67461,Apollo 16 S11,LS-JBA-172-P,CLS056,Soil Highland Bulk,4.2,25,0.4,explicit_exact_pair,"Bhatt 2012 doctoral thesis, Appendix B, Table B.1",https://www.mps.mpg.de/phd/theses/mineralogical-analysis-and-iron-abundance-estimation-of-the-moon-using-the-sir-2-and-other-vis-nir-spectrometers-on-board-the-lunar-orbiter-chandrayaan-1.pdf
Apollo,67481,Apollo 16 S11,LS-JBA-173-P2,CLS276,Soil Highland Bulk,4.2,31,0.4,explicit_exact_pair,"Bhatt 2012 doctoral thesis, Appendix B, Table B.1",https://www.mps.mpg.de/phd/theses/mineralogical-analysis-and-iron-abundance-estimation-of-the-moon-using-the-sir-2-and-other-vis-nir-spectrometers-on-board-the-lunar-orbiter-chandrayaan-1.pdf
Apollo,67601,Apollo 16 S11,LS-JBA-174-P,CLS390,Soil Highland Bulk,4.2,45,0.4,explicit_exact_pair,"Bhatt 2012 doctoral thesis, Appendix B, Table B.1",https://www.mps.mpg.de/phd/theses/mineralogical-analysis-and-iron-abundance-estimation-of-the-moon-using-the-sir-2-and-other-vis-nir-spectrometers-on-board-the-lunar-orbiter-chandrayaan-1.pdf
Apollo,67701,Apollo 16 S11,LS-JBA-175-P,CLS031,Soil Highland Bulk,4.2,39,0.4,explicit_exact_pair,"Bhatt 2012 doctoral thesis, Appendix B, Table B.1",https://www.mps.mpg.de/phd/theses/mineralogical-analysis-and-iron-abundance-estimation-of-the-moon-using-the-sir-2-and-other-vis-nir-spectrometers-on-board-the-lunar-orbiter-chandrayaan-1.pdf
Apollo,67711,Apollo 16 S11,LS-JBA-176,CLS304,Soil Highland Nonmagnetic,3.0,2.8,0.3,explicit_exact_pair,"Bhatt 2012 doctoral thesis, Appendix B, Table B.1",https://www.mps.mpg.de/phd/theses/mineralogical-analysis-and-iron-abundance-estimation-of-the-moon-using-the-sir-2-and-other-vis-nir-spectrometers-on-board-the-lunar-orbiter-chandrayaan-1.pdf
Apollo,63321,Apollo 16 S13,LS-JBA-159-P2,CLS043,Soil Highland Bulk,4.8,47,0.5,explicit_exact_pair,"Bhatt 2012 doctoral thesis, Appendix B, Table B.1",https://www.mps.mpg.de/phd/theses/mineralogical-analysis-and-iron-abundance-estimation-of-the-moon-using-the-sir-2-and-other-vis-nir-spectrometers-on-board-the-lunar-orbiter-chandrayaan-1.pdf
Apollo,63341,Apollo 16 S13,LS-JBA-160-PX,CLS419,Soil Highland Bulk Mixture,4.8,54,0.5,explicit_exact_pair,"Bhatt 2012 doctoral thesis, Appendix B, Table B.1",https://www.mps.mpg.de/phd/theses/mineralogical-analysis-and-iron-abundance-estimation-of-the-moon-using-the-sir-2-and-other-vis-nir-spectrometers-on-board-the-lunar-orbiter-chandrayaan-1.pdf
Apollo,63501,Apollo 16 S13,LS-JBA-161-P,CLS399,Soil Highland Bulk,4.8,46,0.5,explicit_exact_pair,"Bhatt 2012 doctoral thesis, Appendix B, Table B.1",https://www.mps.mpg.de/phd/theses/mineralogical-analysis-and-iron-abundance-estimation-of-the-moon-using-the-sir-2-and-other-vis-nir-spectrometers-on-board-the-lunar-orbiter-chandrayaan-1.pdf
Apollo,70181,Apollo 17 LM,LS-JBA-202-P,CLS840,Soil Mare Bulk,16.6,47,8.5,explicit_exact_pair,"Bhatt 2012 doctoral thesis, Appendix B, Table B.1",https://www.mps.mpg.de/phd/theses/mineralogical-analysis-and-iron-abundance-estimation-of-the-moon-using-the-sir-2-and-other-vis-nir-spectrometers-on-board-the-lunar-orbiter-chandrayaan-1.pdf
Apollo,71501,Apollo 17 S1,LS-JBA-208-P,CLS011,Soil Mare Bulk,17.8,35,9.6,explicit_exact_pair,"Bhatt 2012 doctoral thesis, Appendix B, Table B.1",https://www.mps.mpg.de/phd/theses/mineralogical-analysis-and-iron-abundance-estimation-of-the-moon-using-the-sir-2-and-other-vis-nir-spectrometers-on-board-the-lunar-orbiter-chandrayaan-1.pdf
Apollo,72701,Apollo 17 S2,LS-JBA-217-P1,CLS385,Soil Highland Boundary,8.7,61,1.5,explicit_exact_pair,"Bhatt 2012 doctoral thesis, Appendix B, Table B.1",https://www.mps.mpg.de/phd/theses/mineralogical-analysis-and-iron-abundance-estimation-of-the-moon-using-the-sir-2-and-other-vis-nir-spectrometers-on-board-the-lunar-orbiter-chandrayaan-1.pdf
Apollo,73221,Apollo 17 S3,LS-JBA-220-P2,CLS785,Soil Highland/Mantle Bulk,8.7,43,1.8,explicit_exact_pair,"Bhatt 2012 doctoral thesis, Appendix B, Table B.1",https://www.mps.mpg.de/phd/theses/mineralogical-analysis-and-iron-abundance-estimation-of-the-moon-using-the-sir-2-and-other-vis-nir-spectrometers-on-board-the-lunar-orbiter-chandrayaan-1.pdf
Apollo,73241,Apollo 17 S3,LS-JBA-221,CLS002,Soil Highland/Mantle Bulk,8.5,18,1.7,explicit_exact_pair,"Bhatt 2012 doctoral thesis, Appendix B, Table B.1",https://www.mps.mpg.de/phd/theses/mineralogical-analysis-and-iron-abundance-estimation-of-the-moon-using-the-sir-2-and-other-vis-nir-spectrometers-on-board-the-lunar-orbiter-chandrayaan-1.pdf
Apollo,73261,Apollo 17 S3,LS-JBA-244,CLS635,Soil Highland/Mantle Bulk,8.8,45,1.9,explicit_exact_pair,"Bhatt 2012 doctoral thesis, Appendix B, Table B.1",https://www.mps.mpg.de/phd/theses/mineralogical-analysis-and-iron-abundance-estimation-of-the-moon-using-the-sir-2-and-other-vis-nir-spectrometers-on-board-the-lunar-orbiter-chandrayaan-1.pdf
Apollo,73281,Apollo 17 S3,LS-JBA-222-P,CLS193,Soil Highland/Mantle Bulk,8.7,34,1.8,explicit_exact_pair,"Bhatt 2012 doctoral thesis, Appendix B, Table B.1",https://www.mps.mpg.de/phd/theses/mineralogical-analysis-and-iron-abundance-estimation-of-the-moon-using-the-sir-2-and-other-vis-nir-spectrometers-on-board-the-lunar-orbiter-chandrayaan-1.pdf
Apollo,75081,Apollo 17 S5,LS-JBA-230-P1,CLS061,Soil Mare Bulk,17.7,40,9.9,explicit_exact_pair,"Bhatt 2012 doctoral thesis, Appendix B, Table B.1",https://www.mps.mpg.de/phd/theses/mineralogical-analysis-and-iron-abundance-estimation-of-the-moon-using-the-sir-2-and-other-vis-nir-spectrometers-on-board-the-lunar-orbiter-chandrayaan-1.pdf
Apollo,75081,Apollo 17 S5,LS-JBA-230-P1,CLS250,Soil Mare Bulk,17.7,40,9.9,explicit_exact_pair,"Bhatt 2012 doctoral thesis, Appendix B, Table B.1",https://www.mps.mpg.de/phd/theses/mineralogical-analysis-and-iron-abundance-estimation-of-the-moon-using-the-sir-2-and-other-vis-nir-spectrometers-on-board-the-lunar-orbiter-chandrayaan-1.pdf
Apollo,76261,Apollo 17 S6,LS-JBA-234-P1,CLS048,Soil Highland Boundary Bulk,10.7,58,3.4,explicit_exact_pair,"Bhatt 2012 doctoral thesis, Appendix B, Table B.1",https://www.mps.mpg.de/phd/theses/mineralogical-analysis-and-iron-abundance-estimation-of-the-moon-using-the-sir-2-and-other-vis-nir-spectrometers-on-board-the-lunar-orbiter-chandrayaan-1.pdf
Apollo,78121,Apollo 17 S8,LS-JBA-237,CLS198,Soil Highland Boundary Bulk,12.5,68,4.4,explicit_exact_pair,"Bhatt 2012 doctoral thesis, Appendix B, Table B.1",https://www.mps.mpg.de/phd/theses/mineralogical-analysis-and-iron-abundance-estimation-of-the-moon-using-the-sir-2-and-other-vis-nir-spectrometers-on-board-the-lunar-orbiter-chandrayaan-1.pdf
Apollo,79221,Apollo 17 S9,LS-JBA-241-P,CLS235,Soil Mare Bulk,15.4,81,6.4,explicit_exact_pair,"Bhatt 2012 doctoral thesis, Appendix B, Table B.1",https://www.mps.mpg.de/phd/theses/mineralogical-analysis-and-iron-abundance-estimation-of-the-moon-using-the-sir-2-and-other-vis-nir-spectrometers-on-board-the-lunar-orbiter-chandrayaan-1.pdf
Apollo,79511,Apollo 17 S9,LS-JBA-242-P,CLS375,Soil Mare Bulk,15.4,61,6.4,explicit_exact_pair,"Bhatt 2012 doctoral thesis, Appendix B, Table B.1",https://www.mps.mpg.de/phd/theses/mineralogical-analysis-and-iron-abundance-estimation-of-the-moon-using-the-sir-2-and-other-vis-nir-spectrometers-on-board-the-lunar-orbiter-chandrayaan-1.pdf
Apollo,72141,Apollo 17 LRV2,LS-JBA-210,CLS374,Soil Highland/Mantle Bulk,13.4,81,4.4,explicit_exact_pair,"Bhatt 2012 doctoral thesis, Appendix B, Table B.1",https://www.mps.mpg.de/phd/theses/mineralogical-analysis-and-iron-abundance-estimation-of-the-moon-using-the-sir-2-and-other-vis-nir-spectrometers-on-board-the-lunar-orbiter-chandrayaan-1.pdf
Apollo,72161,Apollo 17 LRV3,LS-JBA-211-P,CLS196,Soil Mare Bulk,14.8,87,5.5,explicit_exact_pair,"Bhatt 2012 doctoral thesis, Appendix B, Table B.1",https://www.mps.mpg.de/phd/theses/mineralogical-analysis-and-iron-abundance-estimation-of-the-moon-using-the-sir-2-and-other-vis-nir-spectrometers-on-board-the-lunar-orbiter-chandrayaan-1.pdf
Apollo,75111,Apollo 17 LRV7,LS-JBA-231,CLS194,Soil Mare Bulk,15.9,54,6.7,explicit_exact_pair,"Bhatt 2012 doctoral thesis, Appendix B, Table B.1",https://www.mps.mpg.de/phd/theses/mineralogical-analysis-and-iron-abundance-estimation-of-the-moon-using-the-sir-2-and-other-vis-nir-spectrometers-on-board-the-lunar-orbiter-chandrayaan-1.pdf
Apollo,75121,Apollo 17 LRV7,LS-JBA-232-P2,CLS195,Soil Mare/Mantle Bulk,15.9,67,6.7,explicit_exact_pair,"Bhatt 2012 doctoral thesis, Appendix B, Table B.1",https://www.mps.mpg.de/phd/theses/mineralogical-analysis-and-iron-abundance-estimation-of-the-moon-using-the-sir-2-and-other-vis-nir-spectrometers-on-board-the-lunar-orbiter-chandrayaan-1.pdf
Apollo,74121,Apollo 17 LRV6,LS-JBA-247,CLS656,Soil Highland/Mantle Bulk,10.2,88,2.6,explicit_exact_pair,"Bhatt 2012 doctoral thesis, Appendix B, Table B.1",https://www.mps.mpg.de/phd/theses/mineralogical-analysis-and-iron-abundance-estimation-of-the-moon-using-the-sir-2-and-other-vis-nir-spectrometers-on-board-the-lunar-orbiter-chandrayaan-1.pdf
Luna,24077,Luna 24,LS-JBA-141,CLS334,Mare Bulk Core Sample,21.1,39,1.0,explicit_exact_pair,"Bhatt 2012 doctoral thesis, Appendix B, Table B.1",https://www.mps.mpg.de/phd/theses/mineralogical-analysis-and-iron-abundance-estimation-of-the-moon-using-the-sir-2-and-other-vis-nir-spectrometers-on-board-the-lunar-orbiter-chandrayaan-1.pdf
Luna,24182,Luna 24,LS-JBA-145,CLS175,Soil Mare Bulk Core Sample,19.6,19,1.2,explicit_exact_pair,"Bhatt 2012 doctoral thesis, Appendix B, Table B.1",https://www.mps.mpg.de/phd/theses/mineralogical-analysis-and-iron-abundance-estimation-of-the-moon-using-the-sir-2-and-other-vis-nir-spectrometers-on-board-the-lunar-orbiter-chandrayaan-1.pdf
Luna,24149,Luna 24,LS-JBA-143,CLS321,Soil Mare Bulk Core Sample,20.3,21,1.1,explicit_exact_pair,"Bhatt 2012 doctoral thesis, Appendix B, Table B.1",https://www.mps.mpg.de/phd/theses/mineralogical-analysis-and-iron-abundance-estimation-of-the-moon-using-the-sir-2-and-other-vis-nir-spectrometers-on-board-the-lunar-orbiter-chandrayaan-1.pdf
Luna,24174,Luna 24,LS-JBA-144,CLS342,Soil Mare Bulk Core Sample,19.1,27,0.8,explicit_exact_pair,"Bhatt 2012 doctoral thesis, Appendix B, Table B.1",https://www.mps.mpg.de/phd/theses/mineralogical-analysis-and-iron-abundance-estimation-of-the-moon-using-the-sir-2-and-other-vis-nir-spectrometers-on-board-the-lunar-orbiter-chandrayaan-1.pdf
