adams_specimen_id,corrected_measurement_count,corrected_measurement_ids,corrected_filenames
LS-JBA-001,1,CLS600,CLS600.DAT
LS-JBA-001-P1,5,CLS504;CLS505;CLS508;CLS509;CLS741,CLS504.DAT;CLS505.DAT;CLS508.DAT;CLS509.DAT;CLS741.DAT
LS-JBA-001-P2,1,CLS089,CLS089.DAT
LS-JBA-003,4,CLS070;CLS074;CLS076;CLS080,CLS070.DAT;CLS074.DAT;CLS076.DAT;CLS080.DAT
LS-JBA-004,2,CLS434;CLS437,CLS434.DAT;CLS437.DAT
LS-JBA-005,1,CLS331,CLS331.DAT
LS-JBA-006-M,1,CLS135,CLS135.DAT
LS-JBA-006-N,3,CLS716;CLS717;CLS718,CLS716.DAT;CLS717.DAT;CLS718.DAT
LS-JBA-006-N1,2,CLS117;CLS719,CLS117.DAT;CLS719.DAT
LS-JBA-006-N2,1,CLS136,CLS136.DAT
LS-JBA-006-N3,1,CLS138,CLS138.DAT
LS-JBA-006-N4,1,CLS139,CLS139.DAT
LS-JBA-006-N5,1,CLS141,CLS141.DAT
LS-JBA-006-P1,5,CLS052;CLS651;CLS715;CLS720;CLS736,CLS052.DAT;CLS651.DAT;CLS715.DAT;CLS720.DAT;CLS736.DAT
LS-JBA-006-P2,1,CLS134,CLS134.DAT
LS-JBA-006-P3,1,CLS137,CLS137.DAT
LS-JBA-006-P4,1,CLS142,CLS142.DAT
LS-JBA-006-P5,1,CLS143,CLS143.DAT
LS-JBA-006-P6,1,CLS144,CLS144.DAT
LS-JBA-006-P7,1,CLS146,CLS146.DAT
LS-JBA-006-P8,1,CLS147,CLS147.DAT
LS-JBA-020,3,CLS454;CLS850;CLS851,CLS454.DAT;CLS850.DAT;CLS851.DAT
LS-JBA-021,3,CLS077;CLS852;CLS853,CLS077.DAT;CLS852.DAT;CLS853.DAT
LS-JBA-031,1,CLS140,CLS140.DAT
LS-JBA-032,1,CLS486,CLS486.DAT
LS-JBA-033,3,CLS448;CLS451;CLS457,CLS448.DAT;CLS451.DAT;CLS457.DAT
LS-JBA-034-P,1,CLS433,CLS433.DAT
LS-JBA-034-X,1,CLS037,CLS037.DAT
LS-JBA-035,1,CLS506,CLS506.DAT
LS-JBA-036-M1,1,CLS109,CLS109.DAT
LS-JBA-036-M2,1,CLS421,CLS421.DAT
LS-JBA-036-N1,1,CLS162,CLS162.DAT
LS-JBA-036-N2,1,CLS045,CLS045.DAT
LS-JBA-036-P1,1,CLS291,CLS291.DAT
LS-JBA-036-P2,2,CLS476;CLS737,CLS476.DAT;CLS737.DAT
LS-JBA-036-P3,1,CLS100,CLS100.DAT
LS-JBA-036-P4,1,CLS464,CLS464.DAT
LS-JBA-044-C1,1,CLS422,CLS422.DAT
LS-JBA-044-P1,3,CLS275;CLS721;CLS742,CLS275.DAT;CLS721.DAT;CLS742.DAT
LS-JBA-044-P2,7,CLS088;CLS091;CLS095;CLS099;CLS102;CLS722;CLS723,CLS088.DAT;CLS091.DAT;CLS095.DAT;CLS099.DAT;CLS102.DAT;CLS722.DAT;CLS723.DAT
LS-JBA-051-P1,2,CLS090;CLS096,CLS090.DAT;CLS096.DAT
LS-JBA-051-X,3,CLS629;CLS724;CLS725,CLS629.DAT;CLS724.DAT;CLS725.DAT
LS-JBA-051-X1,1,CLS498,CLS498.DAT
LS-JBA-051-X2,1,CLS124,CLS124.DAT
LS-JBA-051-X3,1,CLS309,CLS309.DAT
LS-JBA-051-X4,1,CLS059,CLS059.DAT
LS-JBA-051-X5,1,CLS251,CLS251.DAT
LS-JBA-051-X6,1,CLS423,CLS423.DAT
LS-JBA-060,1,CLS727,CLS727.DAT
LS-JBA-060-M1,1,CLS325,CLS325.DAT
LS-JBA-060-M2,2,CLS350;CLS728,CLS350.DAT;CLS728.DAT
LS-JBA-060-N1,1,CLS303,CLS303.DAT
LS-JBA-060-N2,1,CLS353,CLS353.DAT
LS-JBA-060-P1,4,CLS527;CLS531;CLS726;CLS738,CLS527.DAT;CLS531.DAT;CLS726.DAT;CLS738.DAT
LS-JBA-060-P2,1,CLS107,CLS107.DAT
LS-JBA-070-M,1,CLS418,CLS418.DAT
LS-JBA-070-N,1,CLS042,CLS042.DAT
LS-JBA-070-P,1,CLS237,CLS237.DAT
LS-JBA-073,1,CLS062,CLS062.DAT
LS-JBA-074,1,CLS344,CLS344.DAT
LS-JBA-075,1,CLS379,CLS379.DAT
LS-JBA-076-M,1,CLS460,CLS460.DAT
LS-JBA-076-N,1,CLS082,CLS082.DAT
LS-JBA-076-P1,1,CLS271,CLS271.DAT
LS-JBA-076-P2,2,CLS268;CLS445,CLS268.DAT;CLS445.DAT
LS-JBA-081-M,1,CLS025,CLS025.DAT
LS-JBA-081-N,1,CLS220,CLS220.DAT
LS-JBA-081-P,1,CLS391,CLS391.DAT
LS-JBA-084-M,1,CLS016,CLS016.DAT
LS-JBA-084-N,1,CLS214,CLS214.DAT
LS-JBA-086-M,1,CLS064,CLS064.DAT
LS-JBA-086-N,1,CLS253,CLS253.DAT
LS-JBA-086-P,1,CLS425,CLS425.DAT
LS-JBA-088-M,1,CLS171,CLS171.DAT
LS-JBA-088-N,1,CLS172,CLS172.DAT
LS-JBA-088-P,1,CLS174,CLS174.DAT
LS-JBA-089,1,CLS603,CLS603.DAT
LS-JBA-089-P1,1,CLS431,CLS431.DAT
LS-JBA-089-P2,1,CLS046,CLS046.DAT
LS-JBA-090-M,1,CLS447,CLS447.DAT
LS-JBA-090-N,1,CLS069,CLS069.DAT
LS-JBA-090-P,1,CLS257,CLS257.DAT
LS-JBA-091-M,1,CLS234,CLS234.DAT
LS-JBA-091-N,1,CLS404,CLS404.DAT
LS-JBA-091-P1,1,CLS156,CLS156.DAT
LS-JBA-091-P2,1,CLS101,CLS101.DAT
LS-JBA-091-P3,1,CLS411,CLS411.DAT
LS-JBA-091-P4,1,CLS036,CLS036.DAT
LS-JBA-091-P5,1,CLS432,CLS432.DAT
LS-JBA-092-MX,1,CLS065,CLS065.DAT
LS-JBA-092-NX,1,CLS256,CLS256.DAT
LS-JBA-092-PX,1,CLS428,CLS428.DAT
LS-JBA-093,1,CLS255,CLS255.DAT
LS-JBA-094,1,CLS024,CLS024.DAT
LS-JBA-095,1,CLS167,CLS167.DAT
LS-JBA-096,1,CLS416,CLS416.DAT
LS-JBA-097,1,CLS522,CLS522.DAT
LS-JBA-098,1,CLS063,CLS063.DAT
LS-JBA-101,2,CLS283;CLS285,CLS283.DAT;CLS285.DAT
LS-JBA-102,2,CLS461;CLS466,CLS461.DAT;CLS466.DAT
LS-JBA-103,2,CLS452;CLS455,CLS452.DAT;CLS455.DAT
LS-JBA-104,1,CLS119,CLS119.DAT
LS-JBA-105-M,1,CLS730,CLS730.DAT
LS-JBA-105-M1,1,CLS148,CLS148.DAT
LS-JBA-105-M2,1,CLS163,CLS163.DAT
LS-JBA-105-N,1,CLS731,CLS731.DAT
LS-JBA-105-N1,1,CLS120,CLS120.DAT
LS-JBA-105-N2,1,CLS166,CLS166.DAT
LS-JBA-105-P2,3,CLS153;CLS729;CLS739,CLS153.DAT;CLS729.DAT;CLS739.DAT
LS-JBA-106-P1,1,CLS487,CLS487.DAT
LS-JBA-106-P2,1,CLS503,CLS503.DAT
LS-JBA-107-P1,1,CLS067,CLS067.DAT
LS-JBA-107-P2,1,CLS465,CLS465.DAT
LS-JBA-108,2,CLS294;CLS295,CLS294.DAT;CLS295.DAT
LS-JBA-109,1,CLS093,CLS093.DAT
LS-JBA-110-M1,1,CLS483,CLS483.DAT
LS-JBA-110-M2,1,CLS266,CLS266.DAT
LS-JBA-110-N1,1,CLS442,CLS442.DAT
LS-JBA-110-N2,1,CLS066,CLS066.DAT
LS-JBA-110-P1,1,CLS113,CLS113.DAT
LS-JBA-110-P2,1,CLS296,CLS296.DAT
LS-JBA-111-M1,1,CLS478,CLS478.DAT
LS-JBA-111-M2,2,CLS244;CLS288,CLS244.DAT;CLS288.DAT
LS-JBA-111-N1,1,CLS519,CLS519.DAT
LS-JBA-111-N2,1,CLS414,CLS414.DAT
LS-JBA-111-P1,1,CLS105,CLS105.DAT
LS-JBA-111-P2,1,CLS232,CLS232.DAT
LS-JBA-112-P1,1,CLS261,CLS261.DAT
LS-JBA-112-P2,1,CLS264,CLS264.DAT
LS-JBA-113,1,CLS087,CLS087.DAT
LS-JBA-114-M1,1,CLS297,CLS297.DAT
LS-JBA-114-M2,1,CLS057,CLS057.DAT
LS-JBA-114-N1,1,CLS332,CLS332.DAT
LS-JBA-114-N2,1,CLS248,CLS248.DAT
LS-JBA-114-P,1,CLS480,CLS480.DAT
LS-JBA-115,1,CLS265,CLS265.DAT
LS-JBA-116-M1,1,CLS481,CLS481.DAT
LS-JBA-116-M2,1,CLS424,CLS424.DAT
LS-JBA-116-N1,1,CLS521,CLS521.DAT
LS-JBA-116-N2,1,CLS047,CLS047.DAT
LS-JBA-116-P1,1,CLS110,CLS110.DAT
LS-JBA-116-P2,1,CLS254,CLS254.DAT
LS-JBA-117-M1,1,CLS479,CLS479.DAT
LS-JBA-117-M2,1,CLS245,CLS245.DAT
LS-JBA-117-N1,1,CLS520,CLS520.DAT
LS-JBA-117-N2,1,CLS417,CLS417.DAT
LS-JBA-117-P,1,CLS108,CLS108.DAT
LS-JBA-118,1,CLS277,CLS277.DAT
LS-JBA-119-M1,1,CLS485,CLS485.DAT
LS-JBA-119-M2,1,CLS274,CLS274.DAT
LS-JBA-119-N1,1,CLS528,CLS528.DAT
LS-JBA-119-N2,1,CLS450,CLS450.DAT
LS-JBA-119-P1,1,CLS115,CLS115.DAT
LS-JBA-119-P2,1,CLS260,CLS260.DAT
LS-JBA-120-M1,1,CLS468,CLS468.DAT
LS-JBA-120-M2,1,CLS406,CLS406.DAT
LS-JBA-120-N1,1,CLS511,CLS511.DAT
LS-JBA-120-N2,1,CLS094,CLS094.DAT
LS-JBA-120-N3,1,CLS030,CLS030.DAT
LS-JBA-120-P1,1,CLS279,CLS279.DAT
LS-JBA-120-P2,1,CLS459,CLS459.DAT
LS-JBA-120-P3,1,CLS081,CLS081.DAT
LS-JBA-120-P4,1,CLS270,CLS270.DAT
LS-JBA-120-P5,1,CLS236,CLS236.DAT
LS-JBA-121-P1,1,CLS241,CLS241.DAT
LS-JBA-121-P2,2,CLS409;CLS655,CLS409.DAT;CLS655.DAT
LS-JBA-121-P3,2,CLS453;CLS456,CLS453.DAT;CLS456.DAT
LS-JBA-122,1,CLS060,CLS060.DAT
LS-JBA-123,1,CLS118,CLS118.DAT
LS-JBA-124,1,CLS247,CLS247.DAT
LS-JBA-125-M1,1,CLS484,CLS484.DAT
LS-JBA-125-M2,1,CLS267,CLS267.DAT
LS-JBA-125-N1,1,CLS524,CLS524.DAT
LS-JBA-125-N2,1,CLS443,CLS443.DAT
LS-JBA-125-P,1,CLS732,CLS732.DAT
LS-JBA-125-P1,1,CLS114,CLS114.DAT
LS-JBA-125-P2,1,CLS299,CLS299.DAT
LS-JBA-125-P3,1,CLS467,CLS467.DAT
LS-JBA-126,1,CLS258,CLS258.DAT
LS-JBA-127-M2,1,CLS032,CLS032.DAT
LS-JBA-127-N1,1,CLS155,CLS155.DAT
LS-JBA-127-N2,1,CLS229,CLS229.DAT
LS-JBA-127-P1,1,CLS281,CLS281.DAT
LS-JBA-127-P2,1,CLS408,CLS408.DAT
LS-JBA-128,1,CLS610,CLS610.DAT
LS-JBA-128-M1,2,CLS097;CLS103,CLS097.DAT;CLS103.DAT
LS-JBA-128-M2,1,CLS412,CLS412.DAT
LS-JBA-128-N1,1,CLS158,CLS158.DAT
LS-JBA-128-N2,1,CLS038,CLS038.DAT
LS-JBA-128-P1,1,CLS286,CLS286.DAT
LS-JBA-129,1,CLS262,CLS262.DAT
LS-JBA-130-M1,1,CLS510,CLS510.DAT
LS-JBA-130-M2,1,CLS233,CLS233.DAT
LS-JBA-130-N1,1,CLS462,CLS462.DAT
LS-JBA-130-N2,1,CLS402,CLS402.DAT
LS-JBA-130-P,1,CLS086,CLS086.DAT
LS-JBA-140-P1,2,CLS306;CLS348,CLS306.DAT;CLS348.DAT
LS-JBA-140-P2,1,CLS458,CLS458.DAT
LS-JBA-141,2,CLS298;CLS334,CLS298.DAT;CLS334.DAT
LS-JBA-142,3,CLS269;CLS320;CLS446,CLS269.DAT;CLS320.DAT;CLS446.DAT
LS-JBA-143,2,CLS282;CLS321,CLS282.DAT;CLS321.DAT
LS-JBA-144,2,CLS301;CLS342,CLS301.DAT;CLS342.DAT
LS-JBA-145,2,CLS116;CLS175,CLS116.DAT;CLS175.DAT
LS-JBA-150,1,CLS221,CLS221.DAT
LS-JBA-151-M,1,CLS026,CLS026.DAT
LS-JBA-151-N,1,CLS224,CLS224.DAT
LS-JBA-151-P,1,CLS393,CLS393.DAT
LS-JBA-152-M,1,CLS367,CLS367.DAT
LS-JBA-152-N,1,CLS366,CLS366.DAT
LS-JBA-152-P,2,CLS357;CLS362,CLS357.DAT;CLS362.DAT
LS-JBA-153-M,1,CLS180,CLS180.DAT
LS-JBA-153-N,1,CLS181,CLS181.DAT
LS-JBA-153-P,1,CLS183,CLS183.DAT
LS-JBA-154-N,1,CLS368,CLS368.DAT
LS-JBA-154-P,1,CLS429,CLS429.DAT
LS-JBA-155-M1,1,CLS289,CLS289.DAT
LS-JBA-155-M2,1,CLS372,CLS372.DAT
LS-JBA-155-N1,1,CLS326,CLS326.DAT
LS-JBA-155-N2,1,CLS370,CLS370.DAT
LS-JBA-155-P1,1,CLS470,CLS470.DAT
LS-JBA-155-P2,1,CLS044,CLS044.DAT
LS-JBA-155-P3,1,CLS438,CLS438.DAT
LS-JBA-156-M,1,CLS185,CLS185.DAT
LS-JBA-156-N,1,CLS186,CLS186.DAT
LS-JBA-156-P,1,CLS182,CLS182.DAT
LS-JBA-157-M,1,CLS083,CLS083.DAT
LS-JBA-157-N,1,CLS150,CLS150.DAT
LS-JBA-157-P,1,CLS272,CLS272.DAT
LS-JBA-158-M,2,CLS192;CLS733,CLS192.DAT;CLS733.DAT
LS-JBA-158-N,2,CLS189;CLS734,CLS189.DAT;CLS734.DAT
LS-JBA-158-P,2,CLS188;CLS740,CLS188.DAT;CLS740.DAT
LS-JBA-159-M,2,CLS612;CLS735,CLS612.DAT;CLS735.DAT
LS-JBA-159-M1,1,CLS290,CLS290.DAT
LS-JBA-159-M2,1,CLS240,CLS240.DAT
LS-JBA-159-N,1,CLS613,CLS613.DAT
LS-JBA-159-N1,1,CLS327,CLS327.DAT
LS-JBA-159-N2,1,CLS407,CLS407.DAT
LS-JBA-159-P,1,CLS611,CLS611.DAT
LS-JBA-159-P1,1,CLS471,CLS471.DAT
LS-JBA-159-P2,1,CLS043,CLS043.DAT
LS-JBA-160-MX,1,CLS055,CLS055.DAT
LS-JBA-160-NX1,1,CLS129,CLS129.DAT
LS-JBA-160-NX2,1,CLS246,CLS246.DAT
LS-JBA-160-PX,1,CLS419,CLS419.DAT
LS-JBA-161-M,1,CLS216,CLS216.DAT
LS-JBA-161-N,1,CLS387,CLS387.DAT
LS-JBA-161-P,2,CLS019;CLS399,CLS019.DAT;CLS399.DAT
LS-JBA-162-N,1,CLS517,CLS517.DAT
LS-JBA-162-P1,1,CLS104,CLS104.DAT
LS-JBA-162-P2,1,CLS243,CLS243.DAT
LS-JBA-162-P3,1,CLS252,CLS252.DAT
LS-JBA-163-M,1,CLS225,CLS225.DAT
LS-JBA-163-N,1,CLS394,CLS394.DAT
LS-JBA-163-P,1,CLS029,CLS029.DAT
LS-JBA-164-M,1,CLS219,CLS219.DAT
LS-JBA-164-N,1,CLS389,CLS389.DAT
LS-JBA-164-P,1,CLS023,CLS023.DAT
LS-JBA-165,1,CLS386,CLS386.DAT
LS-JBA-166-M,1,CLS217,CLS217.DAT
LS-JBA-166-N,1,CLS022,CLS022.DAT
LS-JBA-166-P,1,CLS401,CLS401.DAT
LS-JBA-167-M,1,CLS449,CLS449.DAT
LS-JBA-167-N1,1,CLS507,CLS507.DAT
LS-JBA-167-N2P,1,CLS072,CLS072.DAT
LS-JBA-168-M1,1,CLS106,CLS106.DAT
LS-JBA-168-M2,1,CLS415,CLS415.DAT
LS-JBA-168-N1,1,CLS159,CLS159.DAT
LS-JBA-168-N2,1,CLS040,CLS040.DAT
LS-JBA-168-P,1,CLS287,CLS287.DAT
LS-JBA-169-M,1,CLS307,CLS307.DAT
LS-JBA-169-P,1,CLS377,CLS377.DAT
LS-JBA-169-X1,1,CLS354,CLS354.DAT
LS-JBA-169-X2,1,CLS359,CLS359.DAT
LS-JBA-169-X3,1,CLS363,CLS363.DAT
LS-JBA-170-C1,2,CLS012;CLS757,CLS012.DAT;CLS757.DAT
LS-JBA-170-C2,2,CLS211;CLS758,CLS211.DAT;CLS758.DAT
LS-JBA-171,2,CLS373;CLS632,CLS373.DAT;CLS632.DAT
LS-JBA-172-M,3,CLS439;CLS760;CLS761,CLS439.DAT;CLS760.DAT;CLS761.DAT
LS-JBA-172-N,1,CLS263,CLS263.DAT
LS-JBA-172-P,2,CLS056;CLS759,CLS056.DAT;CLS759.DAT
LS-JBA-173-N,3,CLS308;CLS358;CLS762,CLS308.DAT;CLS358.DAT;CLS762.DAT
LS-JBA-173-P1,1,CLS378,CLS378.DAT
LS-JBA-173-P2,1,CLS276,CLS276.DAT
LS-JBA-173-X,2,CLS364;CLS763,CLS364.DAT;CLS763.DAT
LS-JBA-174-M,2,CLS013;CLS764,CLS013.DAT;CLS764.DAT
LS-JBA-174-N1,1,CLS145,CLS145.DAT
LS-JBA-174-N2,1,CLS212,CLS212.DAT
LS-JBA-174-P,1,CLS390,CLS390.DAT
LS-JBA-175-M,2,CLS228;CLS765,CLS228.DAT;CLS765.DAT
LS-JBA-175-N,1,CLS020,CLS020.DAT
LS-JBA-175-P,1,CLS031,CLS031.DAT
LS-JBA-176,1,CLS304,CLS304.DAT
LS-JBA-177-M,2,CLS388;CLS767,CLS388.DAT;CLS767.DAT
LS-JBA-177-N,2,CLS010;CLS768,CLS010.DAT;CLS768.DAT
LS-JBA-177-P,2,CLS218;CLS766,CLS218.DAT;CLS766.DAT
LS-JBA-178,1,CLS430,CLS430.DAT
LS-JBA-179,2,CLS208;CLS769,CLS208.DAT;CLS769.DAT
LS-JBA-180-M,2,CLS223;CLS772,CLS223.DAT;CLS772.DAT
LS-JBA-180-N,2,CLS014;CLS771,CLS014.DAT;CLS771.DAT
LS-JBA-180-P,2,CLS392;CLS770,CLS392.DAT;CLS770.DAT
LS-JBA-181-M,2,CLS345;CLS773,CLS345.DAT;CLS773.DAT
LS-JBA-181-N,2,CLS349;CLS774,CLS349.DAT;CLS774.DAT
LS-JBA-181-P,1,CLS341,CLS341.DAT
LS-JBA-182-M,2,CLS017;CLS776,CLS017.DAT;CLS776.DAT
LS-JBA-182-N,2,CLS396;CLS775,CLS396.DAT;CLS775.DAT
LS-JBA-183-M,2,CLS215;CLS779,CLS215.DAT;CLS779.DAT
LS-JBA-183-N,2,CLS018;CLS778,CLS018.DAT;CLS778.DAT
LS-JBA-183-P,2,CLS398;CLS777,CLS398.DAT;CLS777.DAT
LS-JBA-200,1,CLS205,CLS205.DAT
LS-JBA-201,14,CLS034;CLS098;CLS231;CLS239;CLS410;CLS472;CLS513;CLS614;CLS616;CLS835;CLS836;CLS837;CLS838;CLS839,CLS034.DAT;CLS098.DAT;CLS231.DAT;CLS239.DAT;CLS410.DAT;CLS472.DAT;CLS513.DAT;CLS614.DAT;CLS616.DAT;CLS835.DAT;CLS836.DAT;CLS837.DAT;CLS838.DAT;CLS839.DAT
LS-JBA-202-M,1,CLS003,CLS003.DAT
LS-JBA-202-N1,3,CLS491;CLS529;CLS842,CLS491.DAT;CLS529.DAT;CLS842.DAT
LS-JBA-202-N2,1,CLS004,CLS004.DAT
LS-JBA-202-P,3,CLS532;CLS840;CLS841,CLS532.DAT;CLS840.DAT;CLS841.DAT
LS-JBA-203,1,CLS514,CLS514.DAT
LS-JBA-204,2,CLS403;CLS843,CLS403.DAT;CLS843.DAT
LS-JBA-205,1,CLS515,CLS515.DAT
LS-JBA-206,1,CLS489,CLS489.DAT
LS-JBA-207,1,CLS121,CLS121.DAT
LS-JBA-208-M1,1,CLS319,CLS319.DAT
LS-JBA-208-M2,2,CLS035;CLS846,CLS035.DAT;CLS846.DAT
LS-JBA-208-N,1,CLS383,CLS383.DAT
LS-JBA-208-P,4,CLS011;CLS210;CLS844;CLS845,CLS011.DAT;CLS210.DAT;CLS844.DAT;CLS845.DAT
LS-JBA-209,1,CLS490,CLS490.DAT
LS-JBA-210,1,CLS374,CLS374.DAT
LS-JBA-211-MX1,1,CLS111,CLS111.DAT
LS-JBA-211-MX2,1,CLS426,CLS426.DAT
LS-JBA-211-NX1,1,CLS164,CLS164.DAT
LS-JBA-211-NX2,1,CLS049,CLS049.DAT
LS-JBA-211-P,1,CLS196,CLS196.DAT
LS-JBA-211-X,1,CLS292,CLS292.DAT
LS-JBA-212,2,CLS209;CLS847,CLS209.DAT;CLS847.DAT
LS-JBA-213,1,CLS516,CLS516.DAT
LS-JBA-214,1,CLS152,CLS152.DAT
LS-JBA-215,1,CLS154,CLS154.DAT
LS-JBA-216-M1,1,CLS323,CLS323.DAT
LS-JBA-216-M2,1,CLS356,CLS356.DAT
LS-JBA-216-N1,1,CLS302,CLS302.DAT
LS-JBA-216-N2,1,CLS361,CLS361.DAT
LS-JBA-216-P,1,CLS617,CLS617.DAT
LS-JBA-216-P1,1,CLS328,CLS328.DAT
LS-JBA-216-P2,2,CLS346;CLS352,CLS346.DAT;CLS352.DAT
LS-JBA-217-M1,1,CLS084,CLS084.DAT
LS-JBA-217-M2,1,CLS400,CLS400.DAT
LS-JBA-217-N1,1,CLS151,CLS151.DAT
LS-JBA-217-N2,1,CLS021,CLS021.DAT
LS-JBA-217-P1,1,CLS385,CLS385.DAT
LS-JBA-217-P2,1,CLS273,CLS273.DAT
LS-JBA-218-M1,1,CLS112,CLS112.DAT
LS-JBA-218-M2,1,CLS427,CLS427.DAT
LS-JBA-218-N1,1,CLS165,CLS165.DAT
LS-JBA-218-N2,1,CLS050,CLS050.DAT
LS-JBA-218-P1,3,CLS293;CLS782;CLS783,CLS293.DAT;CLS782.DAT;CLS783.DAT
LS-JBA-218-P2,1,CLS001,CLS001.DAT
LS-JBA-219,1,CLS157,CLS157.DAT
LS-JBA-220-M1,1,CLS333,CLS333.DAT
LS-JBA-220-M2,3,CLS371;CLS788;CLS789,CLS371.DAT;CLS788.DAT;CLS789.DAT
LS-JBA-220-N1,1,CLS305,CLS305.DAT
LS-JBA-220-N2,2,CLS058;CLS787,CLS058.DAT;CLS787.DAT
LS-JBA-220-P1,1,CLS336,CLS336.DAT
LS-JBA-220-P2,3,CLS369;CLS785;CLS786,CLS369.DAT;CLS785.DAT;CLS786.DAT
LS-JBA-220-P3,1,CLS784,CLS784.DAT
LS-JBA-221,2,CLS002;CLS790,CLS002.DAT;CLS790.DAT
LS-JBA-222-N,1,CLS191,CLS191.DAT
LS-JBA-222-P,9,CLS193;CLS791;CLS792;CLS793;CLS794;CLS795;CLS796;CLS797;CLS798,CLS193.DAT;CLS791.DAT;CLS792.DAT;CLS793.DAT;CLS794.DAT;CLS795.DAT;CLS796.DAT;CLS797.DAT;CLS798.DAT
LS-JBA-223,2,CLS005;CLS006,CLS005.DAT;CLS006.DAT
LS-JBA-224,2,CLS658;CLS659,CLS658.DAT;CLS659.DAT
LS-JBA-224-M1,2,CLS033;CLS657,CLS033.DAT;CLS657.DAT
LS-JBA-224-M2,1,CLS463,CLS463.DAT
LS-JBA-224-N1,1,CLS230,CLS230.DAT
LS-JBA-224-N2,1,CLS322,CLS322.DAT
LS-JBA-224-P1,1,CLS085,CLS085.DAT
LS-JBA-224-P2,3,CLS440;CLS441;CLS444,CLS440.DAT;CLS441.DAT;CLS444.DAT
LS-JBA-225-P1,1,CLS518,CLS518.DAT
LS-JBA-225-P2,3,CLS027;CLS226;CLS405,CLS027.DAT;CLS226.DAT;CLS405.DAT
LS-JBA-225-P3,4,CLS068;CLS071;CLS075;CLS078,CLS068.DAT;CLS071.DAT;CLS075.DAT;CLS078.DAT
LS-JBA-226,2,CLS222;CLS799,CLS222.DAT;CLS799.DAT
LS-JBA-227,2,CLS213;CLS800,CLS213.DAT;CLS800.DAT
LS-JBA-228,1,CLS502,CLS502.DAT
LS-JBA-229-M,3,CLS199;CLS200;CLS801,CLS199.DAT;CLS200.DAT;CLS801.DAT
LS-JBA-229-N,3,CLS201;CLS202;CLS802,CLS201.DAT;CLS202.DAT;CLS802.DAT
LS-JBA-229-P,2,CLS203;CLS204,CLS203.DAT;CLS204.DAT
LS-JBA-230-P1,6,CLS061;CLS250;CLS420;CLS803;CLS804;CLS805,CLS061.DAT;CLS250.DAT;CLS420.DAT;CLS803.DAT;CLS804.DAT;CLS805.DAT
LS-JBA-230-P2,3,CLS278;CLS280;CLS284,CLS278.DAT;CLS280.DAT;CLS284.DAT
LS-JBA-231,2,CLS190;CLS194,CLS190.DAT;CLS194.DAT
LS-JBA-232-M,2,CLS122;CLS806,CLS122.DAT;CLS806.DAT
LS-JBA-232-N,2,CLS176;CLS807,CLS176.DAT;CLS807.DAT
LS-JBA-232-P1,1,CLS178,CLS178.DAT
LS-JBA-232-P2,1,CLS195,CLS195.DAT
LS-JBA-233,3,CLS184;CLS187;CLS743,CLS184.DAT;CLS187.DAT;CLS743.DAT
LS-JBA-234-M1,1,CLS300,CLS300.DAT
LS-JBA-234-M2,1,CLS073,CLS073.DAT
LS-JBA-234-N1,1,CLS339,CLS339.DAT
LS-JBA-234-N2,1,CLS259,CLS259.DAT
LS-JBA-234-P,1,CLS744,CLS744.DAT
LS-JBA-234-P1,1,CLS048,CLS048.DAT
LS-JBA-234-P2,1,CLS482,CLS482.DAT
LS-JBA-234-P3,1,CLS436,CLS436.DAT
LS-JBA-235,1,CLS535,CLS535.DAT
LS-JBA-236,1,CLS007,CLS007.DAT
LS-JBA-237,2,CLS197;CLS198,CLS197.DAT;CLS198.DAT
LS-JBA-238,1,CLS249,CLS249.DAT
LS-JBA-239,3,CLS053;CLS435;CLS618,CLS053.DAT;CLS435.DAT;CLS618.DAT
LS-JBA-240-M,2,CLS015;CLS395,CLS015.DAT;CLS395.DAT
LS-JBA-240-N,1,CLS227,CLS227.DAT
LS-JBA-240-P,1,CLS028,CLS028.DAT
LS-JBA-241-M,2,CLS039;CLS413,CLS039.DAT;CLS413.DAT
LS-JBA-241-N,2,CLS051;CLS242,CLS051.DAT;CLS242.DAT
LS-JBA-241-P,2,CLS079;CLS235,CLS079.DAT;CLS235.DAT
LS-JBA-242-MX,1,CLS041,CLS041.DAT
LS-JBA-242-NX,1,CLS238,CLS238.DAT
LS-JBA-242-P,2,CLS375;CLS376,CLS375.DAT;CLS376.DAT
LS-JBA-242-X,1,CLS329,CLS329.DAT
LS-JBA-243,4,CLS620;CLS621;CLS622;CLS623,CLS620.DAT;CLS621.DAT;CLS622.DAT;CLS623.DAT
LS-JBA-244,1,CLS635,CLS635.DAT
LS-JBA-245,2,CLS644;CLS645,CLS644.DAT;CLS645.DAT
LS-JBA-246,4,CLS646;CLS647;CLS648;CLS649,CLS646.DAT;CLS647.DAT;CLS648.DAT;CLS649.DAT
LS-JBA-247,1,CLS656,CLS656.DAT
LS-JBA-249,2,CLS660;CLS661,CLS660.DAT;CLS661.DAT
LS-JBA-250,2,CLS662;CLS663,CLS662.DAT;CLS663.DAT
LS-JBA-251,2,CLS664;CLS665,CLS664.DAT;CLS665.DAT
LS-JBA-252,2,CLS666;CLS667,CLS666.DAT;CLS667.DAT
LS-JBA-253,4,CLS668;CLS669;CLS670;CLS671,CLS668.DAT;CLS669.DAT;CLS670.DAT;CLS671.DAT
LS-JBA-254,2,CLS672;CLS673,CLS672.DAT;CLS673.DAT
LS-JBA-255,4,CLS674;CLS675;CLS676;CLS677,CLS674.DAT;CLS675.DAT;CLS676.DAT;CLS677.DAT
LS-JBA-256,2,CLS680;CLS681,CLS680.DAT;CLS681.DAT
LS-JBA-257,3,CLS684;CLS685;CLS686,CLS684.DAT;CLS685.DAT;CLS686.DAT
LS-JBA-258,3,CLS687;CLS688;CLS689,CLS687.DAT;CLS688.DAT;CLS689.DAT
LS-JBA-259,2,CLS856;CLS857,CLS856.DAT;CLS857.DAT
LS-JBA-260,2,CLS854;CLS855,CLS854.DAT;CLS855.DAT
LS-JBA-261,2,CLS808;CLS809,CLS808.DAT;CLS809.DAT
LS-JBA-261-M,1,CLS810,CLS810.DAT
LS-JBA-261-M1,1,CLS811,CLS811.DAT
LS-JBA-261-M2,1,CLS812,CLS812.DAT
LS-JBA-263,3,CLS636;CLS637;CLS638,CLS636.DAT;CLS637.DAT;CLS638.DAT
LS-JBA-264,2,CLS628;CLS650,CLS628.DAT;CLS650.DAT
LS-JBA-265,1,CLS630,CLS630.DAT
LS-JBA-266,3,CLS652;CLS653;CLS654,CLS652.DAT;CLS653.DAT;CLS654.DAT
LS-JBA-267,2,CLS624;CLS625,CLS624.DAT;CLS625.DAT
LS-JBA-268,5,CLS639;CLS640;CLS641;CLS642;CLS643,CLS639.DAT;CLS640.DAT;CLS641.DAT;CLS642.DAT;CLS643.DAT
LS-JBA-269,2,CLS678;CLS679,CLS678.DAT;CLS679.DAT
LS-JBA-270,2,CLS682;CLS683,CLS682.DAT;CLS683.DAT
LS-JBA-271,2,CLS626;CLS627,CLS626.DAT;CLS627.DAT
LS-JBA-272,2,CLS631;CLS634,CLS631.DAT;CLS634.DAT
LS-JBA-273,4,CLS813;CLS814;CLS815;CLS816,CLS813.DAT;CLS814.DAT;CLS815.DAT;CLS816.DAT
LS-JBA-274,2,CLS817;CLS818,CLS817.DAT;CLS818.DAT
LS-JBA-275,4,CLS819;CLS820;CLS821;CLS822,CLS819.DAT;CLS820.DAT;CLS821.DAT;CLS822.DAT
LS-JBA-LS-JBA-,1,CLS397,CLS397.DAT
LS-JBA-P1,1,CLS714,CLS714.DAT
MF-JBA-001,5,CLS160;CLS161;CLS324;CLS330;CLS512,CLS160.DAT;CLS161.DAT;CLS324.DAT;CLS330.DAT;CLS512.DAT
SA-JBA-001,1,CLS701,CLS701.DAT
SA-JBA-002,1,CLS702,CLS702.DAT
SA-JBA-003,1,CLS703,CLS703.DAT
SA-JBA-004,1,CLS704,CLS704.DAT
SA-JBA-005,1,CLS705,CLS705.DAT
SA-JBA-006,1,CLS706,CLS706.DAT
SA-JBA-007,1,CLS707,CLS707.DAT
SA-JBA-008,1,CLS708,CLS708.DAT
SA-JBA-009,1,CLS709,CLS709.DAT
SA-JBA-010,2,CLS710;CLS711,CLS710.DAT;CLS711.DAT
SA-JBA-011,1,CLS712,CLS712.DAT
SA-JBA-012,1,CLS713,CLS713.DAT
SA-JBA-013,1,CLS690,CLS690.DAT
SA-JBA-014,1,CLS691,CLS691.DAT
SA-JBA-015,1,CLS692,CLS692.DAT
SA-JBA-016,1,CLS693,CLS693.DAT
SA-JBA-017,1,CLS694,CLS694.DAT
SA-JBA-018,1,CLS695,CLS695.DAT
SA-JBA-019,1,CLS696,CLS696.DAT
SA-JBA-020,1,CLS697,CLS697.DAT
SA-JBA-021,1,CLS698,CLS698.DAT
SA-JBA-022,1,CLS699,CLS699.DAT
SA-JBA-023,1,CLS700,CLS700.DAT
SA-JBA-024,2,CLS848;CLS849,CLS848.DAT;CLS849.DAT
SA-JBA-025,2,CLS780;CLS781,CLS780.DAT;CLS781.DAT
SA-JBA-026,1,CLS823,CLS823.DAT
SA-JBA-027,1,CLS824,CLS824.DAT
SA-JBA-028,1,CLS825,CLS825.DAT
SA-JBA-029,3,CLS826;CLS827;CLS828,CLS826.DAT;CLS827.DAT;CLS828.DAT
SA-JBA-030,3,CLS829;CLS830;CLS831,CLS829.DAT;CLS830.DAT;CLS831.DAT
SA-JBA-031,2,CLS832;CLS833,CLS832.DAT;CLS833.DAT
SA-JBA-032,1,CLS745,CLS745.DAT
SA-JBA-033,1,CLS746,CLS746.DAT
SA-JBA-034,2,CLS747;CLS834,CLS747.DAT;CLS834.DAT
SA-JBA-035,1,CLS748,CLS748.DAT
SA-JBA-036,1,CLS749,CLS749.DAT
SA-JBA-037,1,CLS750,CLS750.DAT
SA-JBA-038,1,CLS751,CLS751.DAT
SA-JBA-039,1,CLS752,CLS752.DAT
SA-JBA-040,1,CLS753,CLS753.DAT
SA-JBA-041,1,CLS754,CLS754.DAT
SA-JBA-042,1,CLS755,CLS755.DAT
SA-JBA-043,1,CLS756,CLS756.DAT
