id,apollo_parent_id,atlas_entry_ids,mission,sample_type,lithology,description,atlas_detail_urls,atlas_pdf_urls,relab_measurement_count,coverage_status
1,10003,10003,Apollo 11,rock,basalt,"Medium-grained subophitic basalt composed of clinopyroxene, two generations of plagioclase, ilmenite with subordinate cristobalite and mesostasis.",https://www.lpi.usra.edu/lunar/samples/atlas/detail/?mission=Apollo%2011&sample=10003,,1,covered_by_parent_or_child_spectrum
2,10020,10020,Apollo 11,,basalt,,https://www.lpi.usra.edu/lunar/samples/atlas/detail/?mission=Apollo%2011&sample=10020,,1,covered_by_parent_or_child_spectrum
3,10068,10068,Apollo 11,,breccia,,https://www.lpi.usra.edu/lunar/samples/atlas/detail/?mission=Apollo%2011&sample=10068,,7,covered_by_parent_or_child_spectrum
4,10084,10084,Apollo 11,soil-general,,"The contingency sample was taken in front of quad IV of the LM. The documented sample was collected 5 meters north of the LM, the bulk sample was collected in front of quad IV by pouring scoops of loose soil to fill the voids left between rock samples in the bulk sample container. 10084 is the bulk soil sample. Soil is fine grained and hard in this sample area. There are few fragments and it is difficult to scoop deeper than 5 cm below the surface.",https://www.lpi.usra.edu/lunar/samples/atlas/detail/?mission=Apollo%2011&sample=10084,,91,covered_by_parent_or_child_spectrum
5,12001,12001,Apollo 12,soil-general,,12001 is < 1 cm fraction of bulk regolith collected about 30 meters northwest of the LM on the first EVA traverse. Astronaut Conrad saw several beads of pure glass while collecting this sample. Fryxell reports that the fines are weakly coherent; they adhere to rocks and do not slump when the sample holder is tipped 45 degrees.,https://www.lpi.usra.edu/lunar/samples/atlas/detail/?mission=Apollo%2012&sample=12001,,10,covered_by_parent_or_child_spectrum
6,12002,12002,Apollo 12,rock,basalt,,https://www.lpi.usra.edu/lunar/samples/atlas/detail/?mission=Apollo%2012&sample=12002,,2,covered_by_parent_or_child_spectrum
7,12003,12003,Apollo 12,soil >1 cm,,"12003 is coarse (>1cm) split from 12001, along with friable material from the bottom of the sample box. This was collected about 30 meters northwest of LM on EVA-1. These broken up fines from larger rocks do not make a statistical sample.",https://www.lpi.usra.edu/lunar/samples/atlas/detail/?mission=Apollo%2012&sample=12003,,1,covered_by_parent_or_child_spectrum
8,12021,12021,Apollo 12,,basalt,,https://www.lpi.usra.edu/lunar/samples/atlas/detail/?mission=Apollo%2012&sample=12021,,4,covered_by_parent_or_child_spectrum
9,12023,12023,Apollo 12,,soil,Trench sample 12023 (collected at a depth of 20 cm) was collected from the east rim of the 20 meter Sharp crater. The rim material is softer and lighter in ccolor than the surrounding material.,https://www.lpi.usra.edu/lunar/samples/atlas/detail/?mission=Apollo%2012&sample=12023,,2,covered_by_parent_or_child_spectrum
10,12024,12024,Apollo 12,,,,https://www.lpi.usra.edu/lunar/samples/atlas/detail/?mission=Apollo%2012&sample=12024,,1,covered_by_parent_or_child_spectrum
11,12030,12030,Apollo 12,,,,https://www.lpi.usra.edu/lunar/samples/atlas/detail/?mission=Apollo%2012&sample=12030,,11,covered_by_parent_or_child_spectrum
12,12032,12032,Apollo 12,soil-general,,"Surface soil 12032, along with several rocks were collected from the north rim of Bench crater. It includes some light gray material from just below the surace. Soil collected with ""potato"" rock 12053.",https://www.lpi.usra.edu/lunar/samples/atlas/detail/?mission=Apollo%2012&sample=12032,,6,covered_by_parent_or_child_spectrum
13,12033,12033,Apollo 12,soil-general,,"Trench sample 12033 was collected 15 cm below the surface, 15 meters from the northwest rim of Head Crater near 12031. The trench bottom is lighter in color than the surface materials. Astronauts noticed more large blocks on the west side of Bench crater than on the east.",https://www.lpi.usra.edu/lunar/samples/atlas/detail/?mission=Apollo%2012&sample=12033,,5,covered_by_parent_or_child_spectrum
14,12037,12037,Apollo 12,,basalt,"Soil sample in same sample bag as 12036, a friable basalt. Both were collected near the site of 12035 on the NW rim of Bench crater. Because it includes much broken material from the friable basalt, it is not statistically a soil sample.",https://www.lpi.usra.edu/lunar/samples/atlas/detail/?mission=Apollo%2012&sample=12037,,3,covered_by_parent_or_child_spectrum
15,12063,12063,Apollo 12,rock,basalt,diabase (terrestrial analogue); ilmenite microgabbro similar to Apollo 11 (Chao),https://www.lpi.usra.edu/lunar/samples/atlas/detail/?mission=Apollo%2012&sample=12063,,11,covered_by_parent_or_child_spectrum
16,12070,12070,Apollo 12,,,,https://www.lpi.usra.edu/lunar/samples/atlas/detail/?mission=Apollo%2012&sample=12070,,32,covered_by_parent_or_child_spectrum
17,14141,14141,Apollo 14,soil-general,soil,"Samples 14140, 14141, 14142, 14143, 14144 and 14068, 14069, 14070, 14071, and 14072 were collected 3 meters from the rim of a 15 meter crater just south of Cone crater. 14141 is a surface soil identified by crew as a light gray layer, 14068 through 14072 is a sample of some surface rocks in the area. The area near the rim of Cone crater is strewn with boulders up to 3 meters.",https://www.lpi.usra.edu/lunar/samples/atlas/detail/?mission=Apollo%2014&sample=14141,,9,covered_by_parent_or_child_spectrum
18,14148,14148,Apollo 14,,soil,"14145, 14146, 14147, and 14148 collected from the top of the trench; 14153, 14154, 14155, and 14156 is mixed material from the middle two layers, 14080 and 14081 below that, and 14073, 14074, 14075, 14076, 14077, 14078, and 14079 and 14149, 14150, 14151, and 14152 from the bottom of a 40 cm trench. Astronaut Shepard reports the surface fines were so loose the trench walls kept falling in and layered materials were mixed. Bottom layers have pebble in it.",https://www.lpi.usra.edu/lunar/samples/atlas/detail/?mission=Apollo%2014&sample=14148,,1,covered_by_parent_or_child_spectrum
19,14149,14149,Apollo 14,,soil,"14145, 14146, 14147, and 14148 collected from the top of the trench; 14153, 14154, 14155, and 14156 is mixed material from the middle two layers, 14080 and 14081 below that, and 14073, 14074, 14075, 14076, 14077, 14078, and 14079 and 14149, 14150, 14151, and 14152 from the bottom of a 40 cm trench. Astronaut Shepard reports the surface fines were so loose the trench walls kept falling in and layered materials were mixed. Bottom layers have pebble in it.",https://www.lpi.usra.edu/lunar/samples/atlas/detail/?mission=Apollo%2014&sample=14149,,1,covered_by_parent_or_child_spectrum
20,14163,14163,Apollo 14,,soil,"14160, 14161, 14162, 14163, 14402, 14422, 14425 through 14453 collected 15 m NW of LM. Samples collected from the bottom of a 1 m crater with glass in the bottom; Astronaut Shepard identifies the crater as secondary. Sample area is level and free of large blocks.",https://www.lpi.usra.edu/lunar/samples/atlas/detail/?mission=Apollo%2014&sample=14163,,5,covered_by_parent_or_child_spectrum
21,14240,14240,Apollo 14,,,,https://www.lpi.usra.edu/lunar/samples/atlas/detail/?mission=Apollo%2014&sample=14240,,1,covered_by_parent_or_child_spectrum
22,14259,14259,Apollo 14,,soil,"This scoop sample is part of the comprehensive sample collected 110 m WNW of LM along with 14165 through 14189, 14250 through 14289, 14298 through 14300, and 14420. All samples were collected from within a 4 m circle drawn by Astronaut Shepard. Astronaut Mitchell reports, ""The number of surface rocks, or rocks compared with the number of surface fines is very small Houston. There's a few boulders lying around and there's a few blocks around some of the craters, but by and large, it's a powdery surface.""",https://www.lpi.usra.edu/lunar/samples/atlas/detail/?mission=Apollo%2014&sample=14259,,51,covered_by_parent_or_child_spectrum
23,14260,14260,Apollo 14,,soil,"Surface soil sample is part of comprehensive sample collected 110 WNW of LM with 14165 through 14189, 14250 through 14289, 14298 through 14300 and 14421. All samples, including many walnut sized rocks were collected within a 4 m circle drawn by Astronaut Shepard. 14260 was collected from the top 1 cm of an undisturbed region with this circle. Area is generally level and free of boulders.",https://www.lpi.usra.edu/lunar/samples/atlas/detail/?mission=Apollo%2014&sample=14260,,2,covered_by_parent_or_child_spectrum
24,15041,15041,Apollo 15,,,,https://www.lpi.usra.edu/lunar/samples/atlas/detail/?mission=Apollo%2015&sample=15041,,109,covered_by_parent_or_child_spectrum
25,15058,15058,Apollo 15,,basalt,,https://www.lpi.usra.edu/lunar/samples/atlas/detail/?mission=Apollo%2015&sample=15058,,28,covered_by_parent_or_child_spectrum
26,15071,15071,Apollo 15,,,,https://www.lpi.usra.edu/lunar/samples/atlas/detail/?mission=Apollo%2015&sample=15071,,6,covered_by_parent_or_child_spectrum
27,15261,15261,Apollo 15,,soil,,https://www.lpi.usra.edu/lunar/samples/atlas/detail/?mission=Apollo%2015&sample=15261,,1,covered_by_parent_or_child_spectrum
28,15301,15301,Apollo 15,rake,soil,"part of a comprehensive sample collected at Spur Crater including rake sample 15310 and soils 15410, 15420 and pedestal 15431. The rim of Spur Crater had a significant number of small rock on the surface. This is the location of the Apollo 15 ""green glass"" and 15301 contained many beads of this interesting lunar material.",https://www.lpi.usra.edu/lunar/samples/atlas/detail/?mission=Apollo%2015&sample=15301,,1,covered_by_parent_or_child_spectrum
29,15401,15401,Apollo 15,,soil,is very immature and it has an unusual grain size distribution weight towards large particles. The average grain size distribution of 15401 is 89 microns.,https://www.lpi.usra.edu/lunar/samples/atlas/detail/?mission=Apollo%2015&sample=15401,,6,covered_by_parent_or_child_spectrum
30,15411,15411,Apollo 15,,,,https://www.lpi.usra.edu/lunar/samples/atlas/detail/?mission=Apollo%2015&sample=15411,,1,covered_by_parent_or_child_spectrum
31,15415,15415,Apollo 15,rock,anorthite,"Anorthite. Corse-grained, ferroan crystalline rock with complex cataclastic and metamorphic history. Pale, blocky, angular to subrounded sample, which was originally partly dust-covered.",https://www.lpi.usra.edu/lunar/samples/atlas/detail/?mission=Apollo%2015&sample=15415,,10,covered_by_parent_or_child_spectrum
32,15445,15445,Apollo 15,,breccia,This sample and its close companion (15455) are thought to be ejecta from the Imbrium Basin. Their exposure ages (~200 m.y.) may help date the age of Spur Crater where they were found.,https://www.lpi.usra.edu/lunar/samples/atlas/detail/?mission=Apollo%2015&sample=15445,,7,covered_by_parent_or_child_spectrum
33,15455,15455,Apollo 15,,breccia,"Together, these two breccia samples (15455 and 15445) and the nearby boulder, are thought to represent ejecta from the Imbrium Basin",https://www.lpi.usra.edu/lunar/samples/atlas/detail/?mission=Apollo%2015&sample=15455,,2,covered_by_parent_or_child_spectrum
34,15531,15531,Apollo 15,,,"15501 and 15511 were collected from the rim of a small crater at station 9, while 15531 was collected at station 9a (near Hadley Rille).",https://www.lpi.usra.edu/lunar/samples/atlas/detail/?mission=Apollo%2015&sample=15531,,2,covered_by_parent_or_child_spectrum
35,15555,15555,Apollo 15,,basalt,"(""Great Scott"") is both the largest and the most intensively studied of the Apollo 15 rocks. It is a medium-grained olivine basalt, with a few percent small vugs. It is probably very close to a liquid composition, i.e., it contains few, if any, accumulated crystals. It crystallized ~3.3 b.y. ago. Unlike other nearby rocks, 15555 was not dust-coated. It is generally tough, but many exterior chips fell off during earth transit and many of these pieces are friable. It is sub-rounded and blocky, with many zap pits.",https://www.lpi.usra.edu/lunar/samples/atlas/detail/?mission=Apollo%2015&sample=15555,,52,covered_by_parent_or_child_spectrum
36,15601,15601,Apollo 15,,soil,"The large soil sample and the adjacent rake sample contained many olivine-normative basalt samples (156xx). Only about 2/3 of the soil sample was sieved, with about 400 grams remaining unsieved. Small rocks are described separately",https://www.lpi.usra.edu/lunar/samples/atlas/detail/?mission=Apollo%2015&sample=15601,,3,covered_by_parent_or_child_spectrum
37,60015,60015,Apollo 16,rock,anorthite,"Coherent, very light gray, shock-melted and cataclastic anorthosite; largely coated with vesicular glass up to 1 cm thick",https://www.lpi.usra.edu/lunar/samples/atlas/detail/?mission=Apollo%2016&sample=60015,,9,covered_by_parent_or_child_spectrum
38,60019,60019,Apollo 16,rock,breccia,"coherent, medium-gray glassy breccia containing several large, light colored clasts",https://www.lpi.usra.edu/lunar/samples/atlas/detail/?mission=Apollo%2016&sample=60019,,99,covered_by_parent_or_child_spectrum
39,60025,60025,Apollo 16,rock,anorthite,"Coarse-grained, moderately shocked, pristine cataclastic ferroan anorthosite",https://www.lpi.usra.edu/lunar/samples/atlas/detail/?mission=Apollo%2016&sample=60025,,11,covered_by_parent_or_child_spectrum
40,60035,60035,Apollo 16,,breccia,"fine-grained, clast-rich, polymict breccia made up of clasts of ferroan anorthosite, troctolite, troctolitic anorthosite and noritic anorthosite. To date, it remains poorly characterized, and requires further study. Recently, it was dated at 4.09 ± 0.1 b.y. with an exposure to cosmic radiation for about 6 m.y.",https://www.lpi.usra.edu/lunar/samples/atlas/detail/?mission=Apollo%2016&sample=60035,,2,covered_by_parent_or_child_spectrum
41,60051,60051,Apollo 16,,,,https://www.lpi.usra.edu/lunar/samples/atlas/detail/?mission=Apollo%2016&sample=60051,,1,covered_by_parent_or_child_spectrum
42,60055,60055,Apollo 16,rake,soil,"walnut-sized particles from soil sample 60050 are what gave the soil a ""white"" appearance on the lunar surface.",https://www.lpi.usra.edu/lunar/samples/atlas/detail/?mission=Apollo%2016&sample=60055,,3,covered_by_parent_or_child_spectrum
43,60215,60215,Apollo 16,,breccia,"actually a polymict breccia, the largest portion is almost pure white and very plagioclase rich. The anorthositic portion is both highly shocked and cataclastic.",https://www.lpi.usra.edu/lunar/samples/atlas/detail/?mission=Apollo%2016&sample=60215,,3,covered_by_parent_or_child_spectrum
44,60501,60501,Apollo 16,rake,soil,,https://www.lpi.usra.edu/lunar/samples/atlas/detail/?mission=Apollo%2016&sample=60501,,3,covered_by_parent_or_child_spectrum
45,61016,61016,Apollo 16,,impact melt breccia,"known as ""Big Muley""; named after Bill Muehlberger, the leader of the Apollo 16 field geology team",https://www.lpi.usra.edu/lunar/samples/atlas/detail/?mission=Apollo%2016&sample=61016,,13,covered_by_parent_or_child_spectrum
46,61141,61141,Apollo 16,,,,https://www.lpi.usra.edu/lunar/samples/atlas/detail/?mission=Apollo%2016&sample=61141,,22,covered_by_parent_or_child_spectrum
47,61161,61161,Apollo 16,,,,https://www.lpi.usra.edu/lunar/samples/atlas/detail/?mission=Apollo%2016&sample=61161,,1,covered_by_parent_or_child_spectrum
48,61221,61221,Apollo 16,,,,https://www.lpi.usra.edu/lunar/samples/atlas/detail/?mission=Apollo%2016&sample=61221,,27,covered_by_parent_or_child_spectrum
49,61241,61241,Apollo 16,,,,https://www.lpi.usra.edu/lunar/samples/atlas/detail/?mission=Apollo%2016&sample=61241,,1,covered_by_parent_or_child_spectrum
50,61501,61501,Apollo 16,,,,https://www.lpi.usra.edu/lunar/samples/atlas/detail/?mission=Apollo%2016&sample=61501,,2,covered_by_parent_or_child_spectrum
51,62231,62231,Apollo 16,rake,soil,,https://www.lpi.usra.edu/lunar/samples/atlas/detail/?mission=Apollo%2016&sample=62231,,196,covered_by_parent_or_child_spectrum
52,62241,62241,Apollo 16,,,,https://www.lpi.usra.edu/lunar/samples/atlas/detail/?mission=Apollo%2016&sample=62241,,5,covered_by_parent_or_child_spectrum
53,62281,62281,Apollo 16,,soil,,https://www.lpi.usra.edu/lunar/samples/atlas/detail/?mission=Apollo%2016&sample=62281,,2,covered_by_parent_or_child_spectrum
54,63341,63341,Apollo 16,,soil,,https://www.lpi.usra.edu/lunar/samples/atlas/detail/?mission=Apollo%2016&sample=63341,,2,covered_by_parent_or_child_spectrum
55,63501,63501,Apollo 16,,,,https://www.lpi.usra.edu/lunar/samples/atlas/detail/?mission=Apollo%2016&sample=63501,,5,covered_by_parent_or_child_spectrum
56,64421,64421,Apollo 16,,,,https://www.lpi.usra.edu/lunar/samples/atlas/detail/?mission=Apollo%2016&sample=64421,,2,covered_by_parent_or_child_spectrum
57,64455,64455,Apollo 16,,impact melt breccia,egg-shaped object about 5 cm long and 3 cm across almost completely covered with thick black glass,https://www.lpi.usra.edu/lunar/samples/atlas/detail/?mission=Apollo%2016&sample=64455,,8,covered_by_parent_or_child_spectrum
58,64801,64801,Apollo 16,rake,soil,relatively mature soil with average grain size 80 microns,https://www.lpi.usra.edu/lunar/samples/atlas/detail/?mission=Apollo%2016&sample=64801,,18,covered_by_parent_or_child_spectrum
59,65315,65315,Apollo 16,rake,anorthite,about 8 cm across; abundant micrometeorite pits and patina on this surface;,https://www.lpi.usra.edu/lunar/samples/atlas/detail/?mission=Apollo%2016&sample=65315,,7,covered_by_parent_or_child_spectrum
60,65501,65501,Apollo 16,rake,soil,soil clods,https://www.lpi.usra.edu/lunar/samples/atlas/detail/?mission=Apollo%2016&sample=65501,,2,covered_by_parent_or_child_spectrum
61,65901,65901,Apollo 16,,,very mature soil and has an average grain size of 85 microns,https://www.lpi.usra.edu/lunar/samples/atlas/detail/?mission=Apollo%2016&sample=65901,,2,covered_by_parent_or_child_spectrum
62,66031,66031,Apollo 16,rake,soil,very mature soil with an average grain size of 121 microns,https://www.lpi.usra.edu/lunar/samples/atlas/detail/?mission=Apollo%2016&sample=66031,,2,covered_by_parent_or_child_spectrum
63,66041,66041,Apollo 16,,soil,,https://www.lpi.usra.edu/lunar/samples/atlas/detail/?mission=Apollo%2016&sample=66041,,3,covered_by_parent_or_child_spectrum
64,67095,67095,Apollo 16,,impact melt breccia,"a glass-coated basaltic impact melt or ""bomb"" that has not been dated.",https://www.lpi.usra.edu/lunar/samples/atlas/detail/?mission=Apollo%2016&sample=67095,,9,covered_by_parent_or_child_spectrum
65,67455,67455,Apollo 16,rake,breccia,"very friable, white polymict feldspathic breccia",https://www.lpi.usra.edu/lunar/samples/atlas/detail/?mission=Apollo%2016&sample=67455,,8,covered_by_parent_or_child_spectrum
66,67461,67461,Apollo 16,,soil,"chosen as a ""reference soil"" for the ""lunar highland initiative"" and is not greatly different from other soil samples from North Ray Crater",https://www.lpi.usra.edu/lunar/samples/atlas/detail/?mission=Apollo%2016&sample=67461,,35,covered_by_parent_or_child_spectrum
67,67475,67475,Apollo 16,rake,breccia,"a tough purplish-grey, glassy breccia",https://www.lpi.usra.edu/lunar/samples/atlas/detail/?mission=Apollo%2016&sample=67475,,3,covered_by_parent_or_child_spectrum
68,67481,67481,Apollo 16,,,noticeably coarser grain size and less mature compared with other lunar soils probably due to the fact that NRC is only 50 m.y. old,https://www.lpi.usra.edu/lunar/samples/atlas/detail/?mission=Apollo%2016&sample=67481,,8,covered_by_parent_or_child_spectrum
69,67511,67511,Apollo 16,rake,,,https://www.lpi.usra.edu/lunar/samples/atlas/detail/?mission=Apollo%2016&sample=67511,,2,covered_by_parent_or_child_spectrum
70,67601,67601,Apollo 16,rake,soil,,https://www.lpi.usra.edu/lunar/samples/atlas/detail/?mission=Apollo%2016&sample=67601,,3,covered_by_parent_or_child_spectrum
71,67627,67627,Apollo 16,rake,breccia,glass-cemented aggregates,https://www.lpi.usra.edu/lunar/samples/atlas/detail/?mission=Apollo%2016&sample=67627,,12,covered_by_parent_or_child_spectrum
72,67701,67701,Apollo 16,rake,soil,,https://www.lpi.usra.edu/lunar/samples/atlas/detail/?mission=Apollo%2016&sample=67701,,19,covered_by_parent_or_child_spectrum
73,67711,67711,Apollo 16,rake,,,https://www.lpi.usra.edu/lunar/samples/atlas/detail/?mission=Apollo%2016&sample=67711,,2,covered_by_parent_or_child_spectrum
74,67729,67729,Apollo 16,rake,breccia,"vesicular glass breccia with significant clasts, and has the appearance of a ""glass bomb"". It has zap pits on all sides.",https://www.lpi.usra.edu/lunar/samples/atlas/detail/?mission=Apollo%2016&sample=67729,,6,covered_by_parent_or_child_spectrum
75,67936,67936,Apollo 16,rock,basalt,"thin veins of black glass, texture of fine-grained subophitic basalt",https://www.lpi.usra.edu/lunar/samples/atlas/detail/?mission=Apollo%2016&sample=67936,,5,covered_by_parent_or_child_spectrum
76,67941,67941,Apollo 16,,soil,immature soils from the rim of fresh North Ray Crater. House Rock and other samples of North Ray Crater are breccias,https://www.lpi.usra.edu/lunar/samples/atlas/detail/?mission=Apollo%2016&sample=67941,,2,covered_by_parent_or_child_spectrum
77,67960,67960,Apollo 16,,,,https://www.lpi.usra.edu/lunar/samples/atlas/detail/?mission=Apollo%2016&sample=67960,,2,covered_by_parent_or_child_spectrum
78,68121,68121,Apollo 16,,soil,,https://www.lpi.usra.edu/lunar/samples/atlas/detail/?mission=Apollo%2016&sample=68121,,2,covered_by_parent_or_child_spectrum
79,68501,68501,Apollo 16,rake,soil,,https://www.lpi.usra.edu/lunar/samples/atlas/detail/?mission=Apollo%2016&sample=68501,,11,covered_by_parent_or_child_spectrum
80,68815,68815,Apollo 16,rock,breccia,outer surface covered with zap pits; the broken surface contains large vugs and vesicles. 68815 is one of the samples that date the age of South Ray Crater (Drozd et al. 1974; Pepin et al. 1974) and is said to have had a simple exposure history.,https://www.lpi.usra.edu/lunar/samples/atlas/detail/?mission=Apollo%2016&sample=68815,,3,covered_by_parent_or_child_spectrum
81,69003,69003,Apollo 16,,,,https://www.lpi.usra.edu/lunar/samples/atlas/detail/?mission=Apollo%2016&sample=69003,,2,covered_by_parent_or_child_spectrum
82,69004,69004,Apollo 16,,,,https://www.lpi.usra.edu/lunar/samples/atlas/detail/?mission=Apollo%2016&sample=69004,,3,covered_by_parent_or_child_spectrum
83,69921,69921,Apollo 16,,,,https://www.lpi.usra.edu/lunar/samples/atlas/detail/?mission=Apollo%2016&sample=69921,,12,covered_by_parent_or_child_spectrum
84,69935,69935,Apollo 16,,breccia,apparently a polymict breccia that is texturally inhomogeneous and has a large white clast,https://www.lpi.usra.edu/lunar/samples/atlas/detail/?mission=Apollo%2016&sample=69935,,12,covered_by_parent_or_child_spectrum
85,69941,69941,Apollo 16,,,,https://www.lpi.usra.edu/lunar/samples/atlas/detail/?mission=Apollo%2016&sample=69941,,10,covered_by_parent_or_child_spectrum
86,69955,69955,Apollo 16,rock,anorthite,"a rock that is relatively coarse-grained, shocked cataclastic anorthosite with a flat black glass vein running the length",https://www.lpi.usra.edu/lunar/samples/atlas/detail/?mission=Apollo%2016&sample=69955,,7,covered_by_parent_or_child_spectrum
87,69961,69961,Apollo 16,,soil,,https://www.lpi.usra.edu/lunar/samples/atlas/detail/?mission=Apollo%2016&sample=69961,,3,covered_by_parent_or_child_spectrum
88,70017,70017,Apollo 17,rock,high-Ti mare basalt,High-Ti Mare Basalt,https://www.lpi.usra.edu/lunar/samples/atlas/detail/?mission=Apollo%2017&sample=70017,,26,covered_by_parent_or_child_spectrum
89,70035,70035,Apollo 17,rock,high-Ti mare basalt,High-Ti Mare Basalt,https://www.lpi.usra.edu/lunar/samples/atlas/detail/?mission=Apollo%2017&sample=70035,,26,covered_by_parent_or_child_spectrum
90,70181,70181,Apollo 17,,,,https://www.lpi.usra.edu/lunar/samples/atlas/detail/?mission=Apollo%2017&sample=70181,,10,covered_by_parent_or_child_spectrum
91,70215,70215,Apollo 17,rock,high-Ti mare basalt,High-Ti Mare Basalt,https://www.lpi.usra.edu/lunar/samples/atlas/detail/?mission=Apollo%2017&sample=70215,,3,covered_by_parent_or_child_spectrum
92,71041,71041,Apollo 17,,,,https://www.lpi.usra.edu/lunar/samples/atlas/detail/?mission=Apollo%2017&sample=71041,,2,covered_by_parent_or_child_spectrum
93,71055,71055,Apollo 17,rock,high-Ti mare basalt,High-Ti Mare Basalt,https://www.lpi.usra.edu/lunar/samples/atlas/detail/?mission=Apollo%2017&sample=71055,,3,covered_by_parent_or_child_spectrum
94,71061,71061,Apollo 17,,,,https://www.lpi.usra.edu/lunar/samples/atlas/detail/?mission=Apollo%2017&sample=71061,,11,covered_by_parent_or_child_spectrum
95,71501,71501,Apollo 17,,,,https://www.lpi.usra.edu/lunar/samples/atlas/detail/?mission=Apollo%2017&sample=71501,,5,covered_by_parent_or_child_spectrum
96,72255,72255,Apollo 17,rock,impact melt breccia,aphanitic impact melt breccia,https://www.lpi.usra.edu/lunar/samples/atlas/detail/?mission=Apollo%2017&sample=72255,,6,covered_by_parent_or_child_spectrum
97,72321,72321,Apollo 17,,,,https://www.lpi.usra.edu/lunar/samples/atlas/detail/?mission=Apollo%2017&sample=72321,,1,covered_by_parent_or_child_spectrum
98,72415,72415,Apollo 17,rock,dunite,"Cataclastic dunite, homogeneous",https://www.lpi.usra.edu/lunar/samples/atlas/detail/?mission=Apollo%2017&sample=72415,,25,covered_by_parent_or_child_spectrum
99,72435,72435,Apollo 17,rock,impact melt breccia,"Micropoikilitic Impact Melt Breccia, can be assumed to have formed during the Serenitatis event, has major and trace element chemistry similar to other Apollo 17 low-K Fra Mauro impacat melts",https://www.lpi.usra.edu/lunar/samples/atlas/detail/?mission=Apollo%2017&sample=72435,,4,covered_by_parent_or_child_spectrum
100,72701,72701,Apollo 17,,,,https://www.lpi.usra.edu/lunar/samples/atlas/detail/?mission=Apollo%2017&sample=72701,,1,covered_by_parent_or_child_spectrum
101,73131,73131,Apollo 17,,,,https://www.lpi.usra.edu/lunar/samples/atlas/detail/?mission=Apollo%2017&sample=73131,,2,covered_by_parent_or_child_spectrum
102,73155,73155,Apollo 17,rock,impact melt breccia,"Impact Melt Breccia, medium dark gray (N4) in color, rather heterogeneous",https://www.lpi.usra.edu/lunar/samples/atlas/detail/?mission=Apollo%2017&sample=73155,,4,covered_by_parent_or_child_spectrum
103,73217,73217,Apollo 17,rock,impact melt breccia,"Impact Melt Breccia, bulk groundmass may be the low-K Fra Mauro basalt composition common at the Apollo 17 landing site,",https://www.lpi.usra.edu/lunar/samples/atlas/detail/?mission=Apollo%2017&sample=73217,,4,covered_by_parent_or_child_spectrum
104,73241,73241,Apollo 17,,,,https://www.lpi.usra.edu/lunar/samples/atlas/detail/?mission=Apollo%2017&sample=73241,,5,covered_by_parent_or_child_spectrum
105,73261,73261,Apollo 17,,,,https://www.lpi.usra.edu/lunar/samples/atlas/detail/?mission=Apollo%2017&sample=73261,,1,covered_by_parent_or_child_spectrum
106,73281,73281,Apollo 17,,,,https://www.lpi.usra.edu/lunar/samples/atlas/detail/?mission=Apollo%2017&sample=73281,,1,covered_by_parent_or_child_spectrum
107,74001,74001,Apollo 17,core,soil,"Drive tube 74001/74002 was collected at the south rim of 120 meter Shorty crater, at Station 4. The cored material is unusually compact. The core contains orange and red colored soil with nearly vertical contacts. The site is near the low place in the crater rim crest. The fragment population is viable. Craters up to several meters in diameter are scattered near the sample site. The core is almost entirely without coarse fines.",https://www.lpi.usra.edu/lunar/samples/atlas/detail/?mission=Apollo%2017&sample=74001,,1,covered_by_parent_or_child_spectrum
108,74002,74002,Apollo 17,core,soil,"Drive tube 74001/74002 was collected at the south rim of 120 meter Shorty crater, at Station 4. The cored material is unusually compact. The core contains orange and red colored soil with nearly vertical contacts. The site is near the low place in the crater rim crest. The fragment population is viable. Craters up to several meters in diameter are scattered near the sample site. The core is almost entirely without coarse fines.",https://www.lpi.usra.edu/lunar/samples/atlas/detail/?mission=Apollo%2017&sample=74002,,10,covered_by_parent_or_child_spectrum
109,74220,74220,Apollo 17,,soil,"Considered to be a clod of friable material taken 6-8 cm deep in a trench from Station 4, on the rim of 120 meter Shorty crater. The site is near the low place in the crater rim crest. The fragments population is highly variable, craters up to several meters in diameter are common. The particles larger than 1 mm are mostly friable clumps that disagregated during sieving. Any discontinuity is probably due to the fact that the sizes < 1 mm were sieved and the sizes >1 mm were hand picked.",https://www.lpi.usra.edu/lunar/samples/atlas/detail/?mission=Apollo%2017&sample=74220,,1,covered_by_parent_or_child_spectrum
110,74275,74275,Apollo 17,rock,high-Ti mare basalt,High-Ti Mare Basalt,https://www.lpi.usra.edu/lunar/samples/atlas/detail/?mission=Apollo%2017&sample=74275,,3,covered_by_parent_or_child_spectrum
111,75035,75035,Apollo 17,rock,high-Ti mare basalt,High-Ti Mare Basalt,https://www.lpi.usra.edu/lunar/samples/atlas/detail/?mission=Apollo%2017&sample=75035,,2,covered_by_parent_or_child_spectrum
112,75061,75061,Apollo 17,,,,https://www.lpi.usra.edu/lunar/samples/atlas/detail/?mission=Apollo%2017&sample=75061,,2,covered_by_parent_or_child_spectrum
113,75075,75075,Apollo 17,rock,high-Ti mare basalt,High-Ti Mare Basalt,https://www.lpi.usra.edu/lunar/samples/atlas/detail/?mission=Apollo%2017&sample=75075,,3,covered_by_parent_or_child_spectrum
114,75080,75080,Apollo 17,,soil,This is a surface soil sample from a site on the regolith surface a few meters from sample 75060 at Station 5 on the southwest rim of Camelot crater. The sample area is undulating with cobbles and boulders covering 30% of the surface.,https://www.lpi.usra.edu/lunar/samples/atlas/detail/?mission=Apollo%2017&sample=75080,,1,covered_by_parent_or_child_spectrum
115,76015,76015,Apollo 17,rock,impact melt breccia,Vesicular Micropoikilitic Impact Melt Breccia; chipped off top corner of Block 5 of big boulder at Station 6; summarized by Spudis/Ryder (1981) that boulder is from the melt sheet or ejecta blanket from the Serenitatus impact event,https://www.lpi.usra.edu/lunar/samples/atlas/detail/?mission=Apollo%2017&sample=76015,,7,covered_by_parent_or_child_spectrum
116,76055,76055,Apollo 17,rock,impact melt breccia,Impact Melt Breccia; appears to be older than Station 6 Boulder and other Serenitatus impact melts; may be a separate sample of Serenitatus melt sheet from high on North Massif.,https://www.lpi.usra.edu/lunar/samples/atlas/detail/?mission=Apollo%2017&sample=76055,,3,covered_by_parent_or_child_spectrum
117,76215,76215,Apollo 17,rock,impact melt breccia,Vesicular Micropoikilitic Impact Melt Breccia,https://www.lpi.usra.edu/lunar/samples/atlas/detail/?mission=Apollo%2017&sample=76215,,4,covered_by_parent_or_child_spectrum
118,76255,76255,Apollo 17,rock,impact melt breccia,Banded Impact Melt Breccia; has large clast of crushed norite,https://www.lpi.usra.edu/lunar/samples/atlas/detail/?mission=Apollo%2017&sample=76255,,11,covered_by_parent_or_child_spectrum
119,76295,76295,Apollo 17,rock,impact melt breccia,Impact Melt Breccia,https://www.lpi.usra.edu/lunar/samples/atlas/detail/?mission=Apollo%2017&sample=76295,,4,covered_by_parent_or_child_spectrum
120,76535,76535,Apollo 17,rake,troctolite,"Troctolite, random sample as part of rake sample at Station 6",https://www.lpi.usra.edu/lunar/samples/atlas/detail/?mission=Apollo%2017&sample=76535,,10,covered_by_parent_or_child_spectrum
121,77075,77075,Apollo 17,rock,norite,Impact Melt Dike in Cataclastic Norite,https://www.lpi.usra.edu/lunar/samples/atlas/detail/?mission=Apollo%2017&sample=77075,,4,covered_by_parent_or_child_spectrum
122,78235,78235,Apollo 17,rock,norite,Shocked Norite,https://www.lpi.usra.edu/lunar/samples/atlas/detail/?mission=Apollo%2017&sample=78235,,9,covered_by_parent_or_child_spectrum
123,78598,78598,Apollo 17,rake,high-Ti mare basalt,High-Ti Mare Basalt,https://www.lpi.usra.edu/lunar/samples/atlas/detail/?mission=Apollo%2017&sample=78598,,3,covered_by_parent_or_child_spectrum
124,79221,79221,Apollo 17,,,,https://www.lpi.usra.edu/lunar/samples/atlas/detail/?mission=Apollo%2017&sample=79221,,37,covered_by_parent_or_child_spectrum
