queue_id,baseline_v2_id,apollo_parent_id,resolution_status,accepted_scope,accepted_feo_wt_percent,retained_nonbulk_feo_wt_percent,primary_source_url,secondary_source_url,source_locator,evidence_summary,review_note
1,18,15041,resolved_documented_fraction,20-45 um soil fraction,15.2,,https://agupubs.onlinelibrary.wiley.com/doi/full/10.1029/2011JE003982,,Table 1; HTML lines 164-184,"Published FeO for sample 15041 is 15.2 wt.% for the 20-45 um fraction.",Exact sample and size fraction; do not substitute the erroneous 16.3 value that belongs to green-glass sample 15401.
2,21,15411,resolved_sample,soil 15411,"13.7;13.36;13.1",,https://www.lpi.usra.edu/lunar/samples/atlas/compendium/15410.pdf,,PDF page 3; Table 1,"Table 1 is explicitly titled Chemical composition of 15411 and gives three FeO determinations.",Values are preserved separately and not averaged.
3,28,60051,resolved_sample,sample 60051,4.50,,https://adsabs.harvard.edu/full/1973LPI.....4..505M,https://www.lpi.usra.edu/lunar/samples/atlas/compendium/60050.pdf,"Simkin et al. 1973 Table 1; compendium PDF page 3","The original 1973 table reports FeO 4.50 wt.% for 60051; the compendium independently reproduces 4.5 and additional determinations for the 60050/60051 soil material.",Use 4.50 as the directly sample-numbered 60051 value; do not replace it with the unverified Google-AI value 6.2.
4,30,60215,remains_unresolved_parent_bulk,plagioclase particulate sample,,"0.15-0.33;4.82",https://www.hou.usra.edu/meetings/lpsc2020/pdf/1618.pdf,https://www.lpi.usra.edu/lunar/samples/atlas/compendium/60215.pdf,"LPSC 2020 abstract PDF page 2; existing Atlas component extraction","The abstract says published FeO values for the plagioclase samples in its Figure 1 range from 0.15 to 0.33 wt.% and discusses 60215 and 60055, but the text does not assign one exact number to 60215. The Atlas value 4.82 is component-specific.",Do not use either as parent-bulk ground truth without a sample-to-column mapping.
5,31,60501,resolved_documented_fraction,documented less-than-1-mm soil split 60501,"5.51;5.38;5.46;5.45;5.7;6.05;5.57;5.15",,https://www.lpi.usra.edu/lunar/samples/atlas/compendium/60500.pdf,,PDF page 3; Table 1,"The chemistry text says soil sample 60501 was analyzed in Table 1; the processing diagram identifies 60501 as the principal fine split even though the table title says 60500.",Preserve nomenclature warning; values are not averaged.
6,33,61141,resolved_documented_fraction,soil fraction 61141,"5.29;5.33;5.2",,https://www.lpi.usra.edu/lunar/samples/atlas/compendium/61181.pdf,https://agupubs.onlinelibrary.wiley.com/doi/full/10.1029/2011JE003982,"Compendium PDF page 5 Table 1; Allen et al. Table 1","The compendium gives 5.29 and 5.33 wt.% for 61141; Allen et al. gives 5.2 wt.% for the explicitly matched 20-45 um fraction.",Keep the fraction-specific 5.2 distinct from the compendium values.
7,34,61161,resolved_documented_fraction,less-than-1-mm soil split 61161,"5.65;5.23;5.44",,https://www.lpi.usra.edu/lunar/samples/atlas/compendium/61181.pdf,,PDF page 5; Table 2,"Table 2 is explicitly titled Chemical composition of 61161 and gives three FeO values.",Values are not averaged.
8,35,61241,resolved_documented_fraction,less-than-1-mm soil split 61241,"5.33;5.27;5.14;5.42",,https://www.lpi.usra.edu/lunar/samples/atlas/compendium/61221.pdf,,PDF page 9; Table 2,"Table 2 is explicitly titled Chemical composition of 61241 and gives four FeO values.",Values are not averaged.
9,36,61501,resolved_documented_fraction,documented less-than-1-mm soil split 61501,"5.31;5.15;5.61;5.79;5.52;5.59",,https://www.lpi.usra.edu/lunar/samples/atlas/compendium/61500.pdf,,PDF page 4; Table 1,"The chemistry text states that the listed investigators reported the composition of 61501 in Table 1; the processing diagram identifies 61501 as the main fine split although the table title says 61500.",Preserve nomenclature warning; values are not averaged.
10,38,63341,resolved_documented_fraction,documented fine split 63341,4.53,,https://www.lpi.usra.edu/lunar/samples/atlas/compendium/63320.pdf,,PDF page 9; Table 2,"Table 2 is titled Chemical composition of 63340 but its weight/sample entry is explicitly 63341 and the FeO row is 4.53 wt.%.",Accepted for 63341 because the table's sample entry and processing diagram identify that fine split.
11,39,63501,resolved_documented_fraction,less-than-1-mm soil split 63501,"4.72;4.56;4.54;4.67;4.8;4.63;4.9;5.03;5.22;4.62",,https://www.lpi.usra.edu/lunar/samples/atlas/compendium/63501.pdf,,PDF pages 5-6; Tables 1a and 1b,"Both tables are explicitly titled Chemical composition of 63501.",Values are not averaged.
12,40,64421,resolved_documented_fraction,less-than-1-mm soil split 64421,"5.03;4.95;4.89;5.0;4.71;4.9",,https://www.lpi.usra.edu/lunar/samples/atlas/compendium/64420.pdf,,PDF page 4; Table 1,"Table 1 is explicitly titled Chemical composition of 64421.",Values are not averaged.
13,42,65315,remains_unresolved_whole_rock,whole rock 65315,,"glass:6.34;6.48|anorthosite:0.31;0.31",https://www.lpi.usra.edu/lunar/samples/atlas/compendium/65315.pdf,,PDF page 6; Table 1,"The table separates glass-coating values 6.34 and 6.48 from anorthosite values 0.31 and 0.31; it does not supply one homogenized whole-rock value.",Retain the phase-specific values but do not label either set as parent-bulk FeO.
14,52,67511,resolved_documented_fraction,soil split 67511,"4.27;4.1",,https://www.lpi.usra.edu/lunar/samples/atlas/compendium/67481.pdf,,PDF page 5; Table 2,"Table 2 is explicitly titled Chemical composition of 67511.",Values are not averaged.
15,56,67711,resolved_sample,sample 67711,"2.96;2.98;2.67;2.96",,https://www.lpi.usra.edu/lunar/samples/atlas/compendium/67701.pdf,https://adsabs.harvard.edu/full/1973LPI.....4..505M,"Compendium PDF page 6 Table 2; Simkin et al. 1973 Table 1","The compendium table is explicitly for 67711 and includes the Simkin value 2.96; the original 1973 table independently gives 2.96 wt.%.",Values are not averaged; original scan and compendium corroborate one another.
16,57,67729,remains_unresolved_no_analysis,whole rock 67729,,,https://www.lpi.usra.edu/lunar/samples/atlas/compendium/67729.pdf,,PDF pages 1-2,"The compendium states that 67729 and its clast assemblage have not been studied; no FeO analysis is reported.",No parent-bulk FeO source found in the controlled search.
17,63,69003,remains_unresolved_no_analysis,fragment 69003,,,https://www.lpi.usra.edu/lunar/samples/atlas/?sort=sample,,Apollo 16 Atlas listing,"The Atlas lists 69003 as a fragment associated with the Station 9 surface-sampler context but provides no chemical table or dedicated compendium analysis.",No parent-bulk FeO source found in the controlled search.
18,64,69004,remains_unresolved_no_analysis,fragment 69004,,,https://www.lpi.usra.edu/lunar/samples/atlas/?sort=sample,,Apollo 16 Atlas listing,"The Atlas lists 69004 as a fragment associated with the Station 9 surface-sampler context but provides no chemical table or dedicated compendium analysis.",No parent-bulk FeO source found in the controlled search.
19,65,69921,resolved_documented_fraction,soil split 69921,"5.54;5.7;5.6",,https://www.lpi.usra.edu/lunar/samples/atlas/compendium/69921.pdf,,PDF page 5; Table 1,"Table 1 is explicitly titled Chemical composition of 69921.",Values are not averaged.
20,67,69941,resolved_documented_fraction,soil split 69941,"5.41;5.76;5.7;5.52",,https://www.lpi.usra.edu/lunar/samples/atlas/compendium/69921.pdf,,PDF page 6; Table 2,"Table 2 is explicitly titled Chemical composition of 69941.",Values are not averaged.
21,75,72321,resolved_documented_fraction,less-than-1-mm soil split 72321,"8.65;8.7;8.7;8.85;9.04",,https://www.lpi.usra.edu/lunar/samples/atlas/compendium/72320.pdf,,PDF page 4; Table 1 plus processing diagram,"The processing diagram identifies 72321 as the principal fine split of soil 72320. The first five FeO entries in Table 1 are soil determinations; the sixth value 8.85 is labeled as the average of Boulder 2 and is excluded.",Accepted as documented fine-split composition; boulder-average value deliberately excluded.
