apollo_parent_id,relab_measurement_ids,resolution_status,accepted_feo_wt_percent,accepted_measurement_ids,component_or_subsample_feo_wt_percent,component_measurement_ids,reassigned_measurement_count,rejected_measurement_count,source_documents,notes
10068,"c1lr33,c1lr34,kalr33,kalr34,kalr35,kalr36,kalr37",resolved_with_parent_or_documented_fraction_feo,16.5;16.7,170;171,,,0,0,10068__compendium__04e690555f,At least one candidate was confirmed by table title/column review.
12001,"bir1lr074,bir1lr075,bir2lr073,bmr1lr073,c1lr10,c1lr11,c2lr73,c2lr74,c2lr75,calr73",resolved_with_parent_or_documented_fraction_feo,15.6;15.82;16.2;16.85;17.2,253;254;255;256;257,,,0,3,12001__compendium__37bc4e950a,At least one candidate was confirmed by table title/column review.
12003,calr09,reviewed_no_parent_bulk_feo,,,,,5,3,12001__compendium__37bc4e950a,"All candidates were false positives, belonged to another sample, or were component/subsample-only; no parent-bulk value was accepted."
12023,"c2ls78,cals78",resolved_with_parent_or_documented_fraction_feo,15.3,337,,,0,5,12023__compendium__64c902e985,At least one candidate was confirmed by table title/column review.
12030,"bir1ls120,c1lr30,c1lr31,c1lr32,c1ls120,c2ls76,cals76,cblr05,cclr05,cdlr05,celr05",resolved_with_parent_or_documented_fraction_feo,14.3,345,,,0,3,12030__compendium__f04caf79ef,At least one candidate was confirmed by table title/column review.
14149,cals70,resolved_with_parent_or_documented_fraction_feo,10;10.16,606;607,,,3,3,14149__compendium__2f7f95a291,At least one candidate was confirmed by table title/column review.
14260,"bmr1lr083,bmr2lr083",reviewed_no_parent_bulk_feo,,,8.52;11.08,690;691,0,2,14260__compendium__d945662a41,"All candidates were false positives, belonged to another sample, or were component/subsample-only; no parent-bulk value was accepted."
15071,"bmr1lr080,bnr1dh031,c1lr19,c1lr20,c2lr80,calr80",resolved_with_parent_or_documented_fraction_feo,15.5;16.29;16.6;16.8,974;975;976;977,,,3,3,15071__compendium__4c43a9d6a8,At least one candidate was confirmed by table title/column review.
15401,"bir1ls125,bir3lr052,c1lr52,c1ls125,c2lr52,c3lr52",reviewed_no_parent_bulk_feo,,,,,0,1,15401__compendium__62ee8cef7f,"All candidates were false positives, belonged to another sample, or were component/subsample-only; no parent-bulk value was accepted."
15445,"c1ls96,c2ls96,cals96,cbls96,ccls96,cdls96,cels96",reviewed_no_parent_bulk_feo,,,0.53;2.3;3.8;3.9;6.4;7.9;7.98;8.28;9.17;9.5;9.83;10;10.2,1340;1341;1342;1343;1344;1345;1346;1347;1348;1349;1350;1351;1352,0,0,15445__compendium__72c922d60b,"All candidates were false positives, belonged to another sample, or were component/subsample-only; no parent-bulk value was accepted."
15455,"calr239,cblr239",reviewed_no_parent_bulk_feo,,,2.91;4.2;5.79;8.79;9.53;9.66;9.79,1363;1364;1365;1366;1367;1368;1369,0,0,15455__compendium__ee06f606d1,"All candidates were false positives, belonged to another sample, or were component/subsample-only; no parent-bulk value was accepted."
15531,"bir1ls126,c1ls126",resolved_with_parent_or_documented_fraction_feo,19.5;20.7;20.9,1472;1473;1474;1475,,,9,5,15501__compendium__f961ba570d,At least one candidate was confirmed by table title/column review.
60025,"bir1lr244b,bir1lr244c,c1lr235,c1lr235c,c1lr240c,c1lr244b,c1lr244c,c1ls26,c2ls26,c3ls26,cgls26",resolved_with_parent_or_documented_fraction_feo,0.31;0.35;0.495;0.67;1.3,1771;1772;1773;1774;1775,0.145;0.15;0.17;0.18;0.19;0.23,1763;1764;1765;1766;1767;1768;1769;1770,0,0,60025__compendium__e6a8f43f53,At least one candidate was confirmed by table title/column review.
60035,"c1ls22,c2ls22",reviewed_no_parent_bulk_feo,,,4;4.3;4.9;5.1;5.19,1786;1787;1788;1789;1790,0,0,60035__compendium__5f175248eb,"All candidates were false positives, belonged to another sample, or were component/subsample-only; no parent-bulk value was accepted."
60055,"biralr254,c0lr254,c1lr254",resolved_with_parent_or_documented_fraction_feo,0.33,1797,,,1,0,60055__compendium__36f5c359c8,At least one candidate was confirmed by table title/column review.
61016,"bir1lr256,biralr253,biralr257,birblr257,birclr257,birdlr257,c0lr253,c1lr253,c1lr256,calr257,cblr257,cclr257,cdlr257",reviewed_no_parent_bulk_feo,,,0.26;0.3;1.4;4.5;4.63;4.82;4.97;5;5.1;5.11;5.16;5.31;5.4,1941;1942;1943;1944;1945;1946;1947;1948;1949;1950;1951;1952;1953,0,0,61016__compendium__49894d7fd5,"All candidates were false positives, belonged to another sample, or were component/subsample-only; no parent-bulk value was accepted."
62281,"bir1ls107,c1ls107",resolved_with_parent_or_documented_fraction_feo,5.25;5.5,2077;2078;2079;2080,,,0,2,62281__compendium__b6dd654678,At least one candidate was confirmed by table title/column review.
64801,"bmr1lr100,bmr1lr101,c1lr101,c1lr102,c1lr103,cals63,cbls63,cbls66,ccls66,cdls66,cels66,cfls66,cgls66,chls66,cils66,cjls66,cls66j,cls66z",resolved_with_parent_or_documented_fraction_feo,4.6;5.01;5.16;5.17;5.36;5.59,2258;2259;2260;2261;2262;2263,,,2,3,64801__compendium__edfc0653df,At least one candidate was confirmed by table title/column review.
65501,"bir1ls111,c1ls111",reviewed_no_parent_bulk_feo,,,,,5,1,65501__compendium__659551f114,"All candidates were false positives, belonged to another sample, or were component/subsample-only; no parent-bulk value was accepted."
65901,"bir1ls113,c1ls113",resolved_with_parent_or_documented_fraction_feo,5.8;5.85,2344;2345,,,0,1,65901__compendium__065c90c3b4,At least one candidate was confirmed by table title/column review.
66031,"bir1ls114,c1ls114",resolved_with_parent_or_documented_fraction_feo,5.47;5.8,2350;2351,,,0,2,66031__compendium__5ac98a2c52,At least one candidate was confirmed by table title/column review.
67461,"bir1ls115,bir1ls145,bir1ls153,bir1ls156,bir3lr114,bmr1lr113,bmr1lr114,bmr1lr115,bmr1lr116,c1lr113,c1lr114,c1lr115,c1lr116,c1ls115,c1ls145,c1ls153,c1ls156,c2lr114,c2ls145,c2ls153,c2ls156,c3ls145,c3ls156,c4ls145,c5ls145,cbls68,ccls68,cdls68,cels68,cfls68,chls68,cvls145,cvls153,cvls156,k1ls145",resolved_with_parent_or_documented_fraction_feo,4.2;4.24;4.32;4.35,2583;2584;2585;2586;2587,,,0,2,67461__compendium__8018a3c4a3,At least one candidate was confirmed by table title/column review.
67481,"bmr1lr117,bmr1lr118,bmr1lr119,bmr1lr120,c1lr117,c1lr118,c1lr119,c1lr120",resolved_with_parent_or_documented_fraction_feo,3.84;4.09;4.12;4.2;4.66,2599;2600;2601;2602;2603;2604,,,2,2,67481__compendium__87a09f7dbf,At least one candidate was confirmed by table title/column review.
67601,"bmr1ls104,cals104,cbls104",resolved_with_parent_or_documented_fraction_feo,4.02;4.09;4.2;4.23;4.24,2628;2629;2630;2631;2632,,,0,2,67601__compendium__6af12f2feb,At least one candidate was confirmed by table title/column review.
67627,"c1lr01,c1lr02,c2lr01,c2lr02,c3lr01,c3lr02,calr01,calr02,cblr02,cclr02,cdlr02,celr02",resolved_with_parent_or_documented_fraction_feo,4.1;5.5;6.9,2637;2639;2641,,,11,3,67627__compendium__55c3e4b889,At least one candidate was confirmed by table title/column review.
67701,"bir1ls116,c1ls116,cals64,cbls64,cbls67,ccls67,cdls64,cdls67,cfls67,cgls67,chls67,cils67,cjls67,m1ls67a,m2ls67a,mals67a,mals67e,mals67f,mals67h",resolved_with_parent_or_documented_fraction_feo,3.97;4.12;4.17;4.2,2673;2674;2675;2676;2677,,,4,2,67701__compendium__1a762b0146,At least one candidate was confirmed by table title/column review.
67936,"c2ls90,c3ls90,c4ls90,cals90,cwls90",resolved_with_parent_or_documented_fraction_feo,7.52,2723,,,0,1,67935__compendium__c89c0d9c26,At least one candidate was confirmed by table title/column review.
67941,"c2ls81,cals81",resolved_with_parent_or_documented_fraction_feo,4.2;4.5;4.57;4.73;4.76,2729;2730;2731;2732;2733,,,1,4,67941rev__compendium__67e4c7a805,At least one candidate was confirmed by table title/column review.
67960,"bir1ls130,c1ls130",resolved_with_parent_or_documented_fraction_feo,4.56,2734,,,5,4,67941rev__compendium__67e4c7a805,At least one candidate was confirmed by table title/column review.
68815,"c1ls94,c2ls94,cals94",resolved_with_parent_or_documented_fraction_feo,0.77;3.14;4.75;4.97;5.14;5.17;5.5,2823;2824;2825;2826;2827;2828;2829,,,0,3,68815__compendium__119f758385,At least one candidate was confirmed by table title/column review.
69935,"c1lr03,c1lr04,c2lr03,c2lr04,c3lr03,c3lr04,calr03,calr04,cblr03,cclr03,cdlr03,celr03",resolved_with_parent_or_documented_fraction_feo,2.34;4,2860;2861,,,0,0,69935__compendium__764037a985,At least one candidate was confirmed by table title/column review.
69955,"bir1lr247b,bir1lr247c,c1lr238,c1lr238c,c1lr243c,c1lr247b,c1lr247c",resolved_with_parent_or_documented_fraction_feo,0.36;0.49,2862;2863,,,0,0,69955__compendium__b673fcba8a,At least one candidate was confirmed by table title/column review.
71041,"bir1ls131,c1ls131",resolved_with_parent_or_documented_fraction_feo,17.73;18,3008;3009;3010,,,4,6,71041__compendium__728e9fe542,At least one candidate was confirmed by table title/column review.
71055,"c1lr249a,c1lr249b,calr249",resolved_with_parent_or_documented_fraction_feo,16;18.52;19.04;19.2;19.43;21.07,2992;2993;2994;2995;2996;2997,,,4,0,71035__compendium__f5705aa0be,At least one candidate was confirmed by table title/column review.
71061,"bir1ls132,c1lr26,c1lr27,c1lr57,c1lr58,c1lr59,c1lr60,c1ls132,c2lr57,c3lr57,calr57",resolved_with_parent_or_documented_fraction_feo,16.8;17.85;18.3;18.9,3011;3012;3013;3014,,,3,6,71041__compendium__728e9fe542,At least one candidate was confirmed by table title/column review.
72701,cals75,resolved_with_parent_or_documented_fraction_feo,8.36;8.64;8.65;8.78;8.85;8.88;8.94;8.99;9.04;9.07,3316;3317;3318;3319;3320;3321;3322;3323;3324;3325,,,0,2,72701__compendium__c2238abf6a,At least one candidate was confirmed by table title/column review.
73131,"bir1ls133,c1ls133",resolved_with_parent_or_documented_fraction_feo,6.87;7.18,3333;3334,,,0,3,73131__compendium__7659e3c2ad,At least one candidate was confirmed by table title/column review.
73241,"bir1ls134,bir1ls135,c1ls134,c1ls135,cals72",resolved_with_parent_or_documented_fraction_feo,8.39;8.45,3412;3413,,,6,4,73221__compendium__83f44d040a,At least one candidate was confirmed by table title/column review.
73261,cals74,resolved_with_parent_or_documented_fraction_feo,8.84;8.86,3414;3415,,,6,4,73221__compendium__83f44d040a,At least one candidate was confirmed by table title/column review.
73281,cals73,resolved_with_parent_or_documented_fraction_feo,8.54;8.82,3416;3417,,,6,4,73221__compendium__83f44d040a,At least one candidate was confirmed by table title/column review.
74001,c1lr50,reviewed_no_parent_bulk_feo,,,22.1;22.5;23.4;23.7,3464;3465;3466;3467,0,1,74002__compendium__e7077af4c3,"All candidates were false positives, belonged to another sample, or were component/subsample-only; no parent-bulk value was accepted."
74002,"bir1lr130,bir1lr131,bir1lr132,bir1lr133,bir1lr134,c1lr130,c1lr131,c1lr132,c1lr133,c1lr134",reviewed_no_parent_bulk_feo,,,,,4,1,74002__compendium__e7077af4c3,"All candidates were false positives, belonged to another sample, or were component/subsample-only; no parent-bulk value was accepted."
74220,c1lr51,resolved_with_parent_or_documented_fraction_feo,14.89;14.96;15.8;15.84;16.2;21.23;21.87;22.04;22.13;22.4,3476;3477;3478;3483;3485;3486;3488;3494;3496;3497,0.68;2.56;20.97;21.96;22;22.2;22.21;22.4;22.6;22.7;22.9;23.4;23.8;24.19,3490;3491;3492;3493;3506;3507;3508;3509;3510;3511;3512;3513;3514;3515;3516;3517,8,11,74220__compendium__54c453791d,At least one candidate was confirmed by table title/column review.
74275,"c1lr250a,c1lr250b,calr250",resolved_with_parent_or_documented_fraction_feo,17.4;18;18.03;18.18;18.25;18.29;18.31;19.1,3530;3531;3532;3533;3534;3535;3536;3537,,,0,7,74275__compendium__5771f07302,At least one candidate was confirmed by table title/column review.
75075,"c1lr251a,c1lr251b,calr251",resolved_with_parent_or_documented_fraction_feo,18.78;18.85,3570;3571,,,0,0,75075__compendium__aa45772958,At least one candidate was confirmed by table title/column review.
78598,"c1lr252a,c1lr252b,calr252",resolved_with_parent_or_documented_fraction_feo,18.5,3902,,,0,0,78598__compendium__f1ad04da56,At least one candidate was confirmed by table title/column review.
