model,feature,value,meaning
ridge,m3_b01,-1.73381583387325,standardized coefficient
ridge,m3_b02,-1.4193465255871833,standardized coefficient
ridge,m3_b03,-0.9371779537774889,standardized coefficient
ridge,m3_b04,-0.3869093306991622,standardized coefficient
ridge,m3_b05,0.13703582477104567,standardized coefficient
ridge,m3_b06,0.5026023773949696,standardized coefficient
ridge,m3_b07,1.1027609063124644,standardized coefficient
ridge,m3_b08,1.5637029312695756,standardized coefficient
ridge,m3_b09,1.6780485513210315,standardized coefficient
ridge,m3_b10,1.6496127506995661,standardized coefficient
ridge,m3_b11,1.417932991942567,standardized coefficient
ridge,m3_b12,1.0681861992186026,standardized coefficient
ridge,m3_b13,0.6997557349862158,standardized coefficient
ridge,m3_b14,0.33616690942477323,standardized coefficient
ridge,m3_b15,0.18859295320742078,standardized coefficient
ridge,m3_b16,0.11521433917818463,standardized coefficient
ridge,m3_b17,0.01225135062294442,standardized coefficient
ridge,m3_b18,-0.10489511022374359,standardized coefficient
ridge,m3_b19,-0.3016903815404556,standardized coefficient
ridge,m3_b20,-0.5421639632097526,standardized coefficient
ridge,m3_b21,-0.8784047452014672,standardized coefficient
ridge,m3_b22,-1.1826277064399788,standardized coefficient
ridge,m3_b23,-1.4008683473647032,standardized coefficient
ridge,m3_b24,-1.4850224872153979,standardized coefficient
ridge,m3_b25,-1.425249081606314,standardized coefficient
ridge,m3_b26,-1.2936627034296178,standardized coefficient
ridge,m3_b27,-1.0701904710833974,standardized coefficient
ridge,m3_b28,-0.8714674049523439,standardized coefficient
ridge,m3_b29,-0.6941440314995564,standardized coefficient
ridge,m3_b30,-0.5820410393467095,standardized coefficient
ridge,m3_b31,-0.4344443596084255,standardized coefficient
ridge,m3_b32,-0.38312824386233885,standardized coefficient
ridge,m3_b33,-0.3766868519945127,standardized coefficient
ridge,m3_b34,-0.2949485421917606,standardized coefficient
ridge,m3_b35,-0.20948090442159076,standardized coefficient
ridge,m3_b36,-0.11580177348020537,standardized coefficient
ridge,m3_b37,-0.027816869156390946,standardized coefficient
ridge,m3_b38,0.06733000355301486,standardized coefficient
ridge,m3_b39,0.1105088012646851,standardized coefficient
ridge,m3_b40,0.0869135593765101,standardized coefficient
ridge,m3_b41,0.10952949679953548,standardized coefficient
ridge,m3_b42,0.2517070723666637,standardized coefficient
ridge,m3_b43,0.31919241813408056,standardized coefficient
ridge,m3_b44,0.3333032976141199,standardized coefficient
ridge,m3_b45,0.3263291574174287,standardized coefficient
ridge,m3_b46,0.3605666322513927,standardized coefficient
ridge,m3_b47,0.3392223074890296,standardized coefficient
ridge,m3_b48,0.30918803065567013,standardized coefficient
ridge,m3_b49,0.31599424722413827,standardized coefficient
ridge,m3_b50,0.270399203429763,standardized coefficient
ridge,m3_b51,0.14793771277056378,standardized coefficient
ridge,m3_b52,0.029269372963758446,standardized coefficient
ridge,m3_b53,0.04116511176736935,standardized coefficient
ridge,m3_b54,0.014031742663116768,standardized coefficient
ridge,m3_b55,0.054025428642164475,standardized coefficient
ridge,m3_b56,0.15062871640922304,standardized coefficient
ridge,m3_b57,0.26908513989532395,standardized coefficient
ridge,m3_b58,0.22985153327578686,standardized coefficient
ridge,m3_b59,0.2450823425249085,standardized coefficient
ridge,m3_b60,0.31980913509684095,standardized coefficient
ridge,m3_b61,0.2545332731894128,standardized coefficient
ridge,m3_b62,0.052961760185687566,standardized coefficient
ridge,m3_b63,-0.1968728260049225,standardized coefficient
ridge,m3_b64,-0.44639363788043795,standardized coefficient
ridge,m3_b65,-0.4622554746129017,standardized coefficient
ridge,m3_b66,-0.340911724345156,standardized coefficient
ridge,m3_b67,-0.37526797660161015,standardized coefficient
ridge,m3_b68,-0.5426675850967422,standardized coefficient
ridge,m3_b69,-0.2574344207452108,standardized coefficient
ridge,m3_b70,-0.09738560959083686,standardized coefficient
ridge,m3_b71,0.3244102484603866,standardized coefficient
ridge,m3_b72,0.5994804908482337,standardized coefficient
ridge,m3_b73,1.113935762477099,standardized coefficient
ridge,m3_b74,1.7604712772819542,standardized coefficient
extra_trees,m3_b01,0.026380778193498003,impurity importance
extra_trees,m3_b02,0.025913233551004222,impurity importance
extra_trees,m3_b03,0.018036425753782837,impurity importance
extra_trees,m3_b04,0.014139733162884022,impurity importance
extra_trees,m3_b05,0.011984742062930041,impurity importance
extra_trees,m3_b06,0.009944750327827224,impurity importance
extra_trees,m3_b07,0.00789654421141237,impurity importance
extra_trees,m3_b08,0.013533588397894356,impurity importance
extra_trees,m3_b09,0.010918570244121802,impurity importance
extra_trees,m3_b10,0.013711756422608773,impurity importance
extra_trees,m3_b11,0.01488774718091152,impurity importance
extra_trees,m3_b12,0.011369497917497114,impurity importance
extra_trees,m3_b13,0.010414919175969595,impurity importance
extra_trees,m3_b14,0.014959331403293303,impurity importance
extra_trees,m3_b15,0.010764111229389419,impurity importance
extra_trees,m3_b16,0.019377805428122785,impurity importance
extra_trees,m3_b17,0.022968819454019934,impurity importance
extra_trees,m3_b18,0.0297033565706609,impurity importance
extra_trees,m3_b19,0.04052032906406215,impurity importance
extra_trees,m3_b20,0.04189595189195967,impurity importance
extra_trees,m3_b21,0.04404731487694636,impurity importance
extra_trees,m3_b22,0.03874975960544613,impurity importance
extra_trees,m3_b23,0.027190926787502154,impurity importance
extra_trees,m3_b24,0.02584302533856182,impurity importance
extra_trees,m3_b25,0.017492082340804127,impurity importance
extra_trees,m3_b26,0.010580134489685237,impurity importance
extra_trees,m3_b27,0.00954839010129966,impurity importance
extra_trees,m3_b28,0.0051884115809956305,impurity importance
extra_trees,m3_b29,0.005479523348143176,impurity importance
extra_trees,m3_b30,0.005759809268287559,impurity importance
extra_trees,m3_b31,0.006435689965436891,impurity importance
extra_trees,m3_b32,0.00545994037483343,impurity importance
extra_trees,m3_b33,0.0048041286350405605,impurity importance
extra_trees,m3_b34,0.006163219060319892,impurity importance
extra_trees,m3_b35,0.005369849047064305,impurity importance
extra_trees,m3_b36,0.006182070794397681,impurity importance
extra_trees,m3_b37,0.006242199563045471,impurity importance
extra_trees,m3_b38,0.007428726870398234,impurity importance
extra_trees,m3_b39,0.006796082132295009,impurity importance
extra_trees,m3_b40,0.009115625241985528,impurity importance
extra_trees,m3_b41,0.011813918475245733,impurity importance
extra_trees,m3_b42,0.012697187450578688,impurity importance
extra_trees,m3_b43,0.012582482853945465,impurity importance
extra_trees,m3_b44,0.014121129125334086,impurity importance
extra_trees,m3_b45,0.01399305017335304,impurity importance
extra_trees,m3_b46,0.019324507545736638,impurity importance
extra_trees,m3_b47,0.020214235217176937,impurity importance
extra_trees,m3_b48,0.016671226254881655,impurity importance
extra_trees,m3_b49,0.018622777619030306,impurity importance
extra_trees,m3_b50,0.020376589559164486,impurity importance
extra_trees,m3_b51,0.012901963545044528,impurity importance
extra_trees,m3_b52,0.00988344516857755,impurity importance
extra_trees,m3_b53,0.0069334307114516025,impurity importance
extra_trees,m3_b54,0.006051564533506615,impurity importance
extra_trees,m3_b55,0.006894140850379566,impurity importance
extra_trees,m3_b56,0.007223356058811369,impurity importance
extra_trees,m3_b57,0.007088115036301892,impurity importance
extra_trees,m3_b58,0.006558060631795505,impurity importance
extra_trees,m3_b59,0.007222551720070328,impurity importance
extra_trees,m3_b60,0.009554654503137944,impurity importance
extra_trees,m3_b61,0.009517644781595974,impurity importance
extra_trees,m3_b62,0.010397983805953864,impurity importance
extra_trees,m3_b63,0.008447517007438671,impurity importance
extra_trees,m3_b64,0.0068637145503514805,impurity importance
extra_trees,m3_b65,0.006910935243586952,impurity importance
extra_trees,m3_b66,0.006700341195137037,impurity importance
extra_trees,m3_b67,0.006975200830589362,impurity importance
extra_trees,m3_b68,0.008701767075407202,impurity importance
extra_trees,m3_b69,0.009981324890634134,impurity importance
extra_trees,m3_b70,0.009589487457937848,impurity importance
extra_trees,m3_b71,0.009435737121466762,impurity importance
extra_trees,m3_b72,0.011178853231820437,impurity importance
extra_trees,m3_b73,0.013904887582574361,impurity importance
extra_trees,m3_b74,0.017467317125643235,impurity importance
