id,v2_id,apollo_parent_id,relab_measurement_ids,status,pdf_mineral_phase_not_parent_wt_percent
1,18,15041,"bir1ls142,bir1ls143,bir1ls158,bir1ls161,c1lr12,c1lr13,c1ls142,c1ls143,c1ls158,c1ls161,c2lr12,c2lr13,c2ls142,c2ls158,c3lr12,c3ls142,c3ls158,c4ls142,calr13,cals142,cals143,cals158,cals161,cbls142,cbls143,cbls158,cbls161,ccls142,ccls143,ccls158,ccls161,cdls142,cdls143,cdls158,cdls161,cels142,cels143,cels158,cels161,cfls142,cfls143,cfls158,cfls161,cgls142,cgls143,cgls158,cgls161,chls142,chls143,chls158,chls161,cils142,cils143,cils158,cils161,cjls142,cjls143,cjls158,cjls161,ckls142,ckls143,csls158,csls161,k1ls142,k1ls143,kals142,kals143,kals158,kals161,kbls142,kbls143,kbls158,kbls161,kcls142,kcls143,kcls158,kcls161,kdls142,kdls143,kdls158,kdls161,kels142,kels143,kels158,kels161,kfls142,kfls143,kfls158,kfls161,kgls142,kgls143,kgls158,kgls161,khls142,khls143,khls158,khls161,kils142,kils143,kils158,kils161,kjls142,kjls143,kjls158,kjls161,kkls142,kkls143,ksls158,ksls161",no FeO found in RELAB metadata or as a parent-level Atlas PDF candidate,
2,21,15411,bnr1dh033,no FeO found in RELAB metadata or as a parent-level Atlas PDF candidate,
3,28,60051,cals69,no FeO found in RELAB metadata or as a parent-level Atlas PDF candidate,
4,30,60215,"biralr255,c0lr255,c1lr255",no FeO found in RELAB metadata or as a parent-level Atlas PDF candidate,"0.15,4.82"
5,31,60501,"bmr1ls100,cals100,cbls100",no FeO found in RELAB metadata or as a parent-level Atlas PDF candidate,
6,33,61141,"bir1ls105,bir1ls144,bir1ls150,bir1ls155,bmr1lr109,bmr1lr110,bmr1lr111,bmr1lr112,c1lr109,c1lr111,c1lr112,c1ls105,c1ls144,c1ls150,c1ls155,c2ls144,c2ls150,c2ls155,c2ls83,c3ls155,cals83,k1ls144",no FeO found in RELAB metadata or as a parent-level Atlas PDF candidate,
7,34,61161,calr06,no FeO found in RELAB metadata or as a parent-level Atlas PDF candidate,
8,35,61241,calr07,no FeO found in RELAB metadata or as a parent-level Atlas PDF candidate,
9,36,61501,"bir1ls106,c1ls106",no FeO found in RELAB metadata or as a parent-level Atlas PDF candidate,
10,38,63341,"bir1ls108,c1ls108",no FeO found in RELAB metadata or as a parent-level Atlas PDF candidate,
11,39,63501,"bir1ls109,bmr1ls102,c1ls109,cals102,cbls102",no FeO found in RELAB metadata or as a parent-level Atlas PDF candidate,
12,40,64421,"bir1ls110,c1ls110",no FeO found in RELAB metadata or as a parent-level Atlas PDF candidate,
13,42,65315,"bir1lr245b,bir1lr245c,c1lr236,c1lr236c,c1lr241c,c1lr245b,c1lr245c",no FeO found in RELAB metadata or as a parent-level Atlas PDF candidate,"0.31,6.34,6.48"
14,52,67511,"bir1ls128,c1ls128",no FeO found in RELAB metadata or as a parent-level Atlas PDF candidate,
15,56,67711,"bir1ls129,c1ls129",no FeO found in RELAB metadata or as a parent-level Atlas PDF candidate,
16,57,67729,"c1ls87,cals87,cbls87,ccls87,cdls87,cels87",no FeO found in RELAB metadata or as a parent-level Atlas PDF candidate,
17,63,69003,"bir1lr136,c1lr136",no FeO found in RELAB metadata or as a parent-level Atlas PDF candidate,
18,64,69004,"bir1lr137,c1lr137,c2lr137",no FeO found in RELAB metadata or as a parent-level Atlas PDF candidate,
19,65,69921,"bir1lr138a,bir1lr138b,bir1lr138c,bir1lr138d,bir1lr138e,bir1ls118,c1lr138a,c1lr138b,c1lr138c,c1lr138d,c1lr138e,c1ls118",no FeO found in RELAB metadata or as a parent-level Atlas PDF candidate,
20,67,69941,"bir1lr139a,bir1lr139b,bir1lr139c,bir1lr139d,bir1lr139e,c1lr139a,c1lr139b,c1lr139c,c1lr139d,c1lr139e",no FeO found in RELAB metadata or as a parent-level Atlas PDF candidate,
21,75,72321,calr08,no FeO found in RELAB metadata or as a parent-level Atlas PDF candidate,
