id,apollo_parent_id,relab_measurement_ids,pdf_parent_feo_status,pdf_feo_all_parent_candidates_wt_percent,pdf_feo_accepted_bulk_wt_percent,pdf_feo_review_bulk_wt_percent,pdf_feo_review_unspecified_scope_wt_percent,pdf_feo_mineral_phase_not_parent_wt_percent,pdf_accepted_measurement_ids,pdf_review_measurement_ids,pdf_document_pages,pdf_parent_candidate_count,pdf_mineral_phase_count
1,10003,c1ls21,accepted_pdf_bulk_feo,"19.7,19.8,20.51","19.7,19.8,20.51",,,,"1,2,3,4",,10003__compendium__f855a2ede3:p6,4,0
2,10020,c1ls84,accepted_pdf_bulk_feo_plus_review_candidates,"16.1,17.6,18,18.29,18.79,18.91,19.03,19.14,19.15,19.35","16.1,17.6,18,18.79,19.03,19.14,19.15,19.35","18.29,18.91",,,"36,37,38,39,40,41,42,43","44,45","10020__compendium__505ef9a506:p4,10020__compendium__505ef9a506:p5",10,0
3,10068,"c1lr33,c1lr34,kalr33,kalr34,kalr35,kalr36,kalr37",review_only_pdf_parent_feo_candidates,"16.5,16.7",,,"16.5,16.7",,,"170,171",10068__compendium__04e690555f:p3,2,0
4,10084,"bir1lr069,bir1lr070,bir1lr071,c1lr15,c1lr21,c1lr68,c1lr70,c1lr71,c1ls46,c1ls48,c1ls49,c2lr16,c2ls45,c3lr15,c3lr16,c5ls31,c6ls31,cals31,cals49,cbls31,ccls31,cdls31,cdls49,cels31,cffl49,cfls31,cfls49,cgls31,cgls49,chls31,chls49,cils31,cils49,cjls31,cjls49,ckls31,clls31,cls31g,cls31k,cls49d,cls49f,cmls31,cmls49,cnls31,cols31,cols49,cpls31,cqls31,crls31,csls31,ctls31,culs31,cvls31,cwls31,cxls31,n1ls31,n1ls47,n1ls48,n1ls49a,n1ls49e,n1ls49g,n1ls49h,n2ls31,n2ls47,n2ls48,n2ls49a,n2ls49e,n2ls49g,n2ls49h,n3ls47,n3ls48,n3ls49a,n3ls49e,n3ls49g,n3ls49h,n4ls31,n4ls47,n4ls48,n4ls49a,n4ls49e,n4ls49g,n4ls49h,n5ls47,n5ls48,n6ls47,n6ls48,nals47,nals48,sffl49,sils49,sls49f",accepted_pdf_bulk_feo_plus_review_candidates,"14.4,14.7,15.34,15.4,15.65,15.7,15.8,15.81,15.91,15.94,16,16.02,16.1,24,78,10084","14.4,14.7,15.34,15.4,15.65,15.7,15.8,15.81,15.91,15.94,16,16.02,16.1",,"15.81,16,24,78,10084",,"206,207,208,209,210,211,212,213,214,215,216,217,218,219,220,221,222","203,204,205,223,224","10084__compendium__2fc0f0f1aa:p1,10084__compendium__2fc0f0f1aa:p4,10084__compendium__2fc0f0f1aa:p5,10084__compendium__2fc0f0f1aa:p6,10084__compendium__2fc0f0f1aa:p7",22,0
5,12001,"bir1lr074,bir1lr075,bir2lr073,bmr1lr073,c1lr10,c1lr11,c2lr73,c2lr74,c2lr75,calr73",review_only_pdf_parent_feo_candidates,"15.6,15.82,16.2,16.85,17.2,12001,12003",,"15.6,15.82,16.2,16.85,17.2","12001,12003",,,"250,251,252,253,254,255,256,257","12001__compendium__37bc4e950a:p3,12001__compendium__37bc4e950a:p5",8,0
6,12003,calr09,review_only_pdf_parent_feo_candidates,"15.6,15.82,16.2,16.85,17.2,12001,12003",,"15.6,15.82,16.2,16.85,17.2","12001,12003",,,"250,251,252,253,254,255,256,257","12001__compendium__37bc4e950a:p3,12001__compendium__37bc4e950a:p5",8,0
7,12021,"bir1dd035,bir1dd036,c1dd35,c1dd36",accepted_pdf_bulk_feo_plus_review_candidates,"18.91,19.04,19.1,19.2,19.4,19.68,20.07","18.91,19.04,19.1,19.2,19.4,19.68,20.07",19.4,,,"319,320,321,322,323,324,325,326",327,"12021__compendium__99ae4bc1e9:p7,12021__compendium__99ae4bc1e9:p8",9,0
8,12023,"c2ls78,cals78",review_only_pdf_parent_feo_candidates,"12,15.3,30,60,12023,12024",,,"12,15.3,30,60,12023,12024",,,"332,333,334,335,336,337","12023__compendium__64c902e985:p2,12023__compendium__64c902e985:p7",6,0
9,12030,"bir1ls120,c1lr30,c1lr31,c1lr32,c1ls120,c2ls76,cals76,cblr05,cclr05,cdlr05,celr05",review_only_pdf_parent_feo_candidates,"14,14.3,80,12030",,,"14,14.3,80,12030",,,"342,343,344,345","12030__compendium__f04caf79ef:p1,12030__compendium__f04caf79ef:p2",4,0
10,12037,"bir1ls123,c1ls123,cals80",accepted_pdf_bulk_feo_plus_review_candidates,"14.9,16.3,18.4,21,12037","14.9,16.3,18.4",,"21,12037",,"371,372,373","369,370","12037__compendium__a1305399c6:p1,12037__compendium__a1305399c6:p4",5,0
11,12063,"c1ls09,c1ls14,c1ls86,c2ls09,c2ls14,c3ls09,c4ls09,c5ls09,c6ls09,s1ls09,s1ls14",accepted_pdf_bulk_feo,"21.2,21.26,21.48","21.2,21.26,21.48",,,,"432,433,434",,12063__compendium__7bff6c7721:p5,3,0
12,12070,"c5ls32,c6ls32,cals32,cbls32,ccls32,cdls32,cels32,cfls32,cgls32,chls32,cils32,cjls32,ckls32,clls32,cls32g,cls32k,cmls32,cnls32,cols32,cpls32,cqls32,crls32,csls32,ctls32,culs32,cvls32,cwls32,cxls32,n1ls32,n2ls32,n4ls32,svls32",accepted_pdf_bulk_feo_plus_review_candidates,"12,14.7,15.57,15.7,16,16.08,16.2,16.3,16.4,16.52,16.7,16.81,17,47,12070","14.7,15.57,15.7,16,16.08,16.2,16.3,16.4,16.52,16.7,16.81,17",,"12,47,12070",,"450,451,452,453,454,455,456,457,458,459,460,461,462,463,464","448,449,465","12070__compendium__16198ead42:p1,12070__compendium__16198ead42:p10,12070__compendium__16198ead42:p5,12070__compendium__16198ead42:p6,12070__compendium__16198ead42:p7",18,0
13,14149,cals70,review_only_pdf_parent_feo_candidates,"10,10.16,10.3,10.42,12.2,68,14148,14156",,"10,10.16,10.3,10.42,12.2","68,14148,14156",,,"603,604,605,606,607,608,609,610","14149__compendium__2f7f95a291:p2,14149__compendium__2f7f95a291:p7,14149__compendium__2f7f95a291:p8,14149__compendium__2f7f95a291:p9",8,0
14,14163,"bmr1lr090,c1lr89,c1lr90,c1lr91,c1lr92",accepted_pdf_bulk_feo_plus_review_candidates,"7.4,8.5,10,10.15,10.2,10.3,10.32,10.4,10.41,10.5,10.7,14,16,57,14163","10.15,10.3,10.4,10.41,10.5,10.7","10.32,10.4","7.4,8.5,10,10.2,10.5,14,16,57,14163",,"613,614,615,616,617,618,619,622,623","611,612,620,621,624,625,626,627,628,629,630,631","14163__compendium__db93626814:p1,14163__compendium__db93626814:p5,14163__compendium__db93626814:p6,14163__compendium__db93626814:p7,14163__compendium__db93626814:p9",21,0
15,14240,cals71,accepted_pdf_bulk_feo_plus_review_candidates,"10,10.02,10.9,46,53,74.","10,10.02,10.9",,"46,53,74.",,"667,668,669","664,665,666","14240__compendium__d986502bec:p2,14240__compendium__d986502bec:p3",6,0
16,14259,"bir1ls146,bir1ls147,bir1ls154,bir1ls160,bmr1lr086,bnr1dh034,c1ls146,c1ls147,c1ls154,c1ls160,c2ls146,c2ls154,c2ls160,c3ls146,c3ls154,c4ls146,c5ls33,c6ls33,cals33,cbls33,ccls33,cdls33,cels33,cfls33,cgls33,chls33,cils33,cjls33,ckls33,clls33,cls33g,cls33k,cmls33,cnls33,cols33,cpls33,cqls33,crls33,csls33,ctls33,culs33,cvls146,cvls160,cvls33,cwls33,cxls33,k1ls146,k1ls147,n1ls33,n2ls33,n4ls33",accepted_pdf_bulk_feo_plus_review_candidates,"1.2,1.8,3,5,5.6,10,10.3,10.41,10.58,10.6,18.1,85,14259","10.3,10.58,10.6","10,10.41","1.2,1.8,3,5,5.6,10.6,18.1,85,14259",,"678,679,680,681","673,674,675,676,677,682,683,684,685,686,687","14259__compendium__8ef3c6c38e:p2,14259__compendium__8ef3c6c38e:p4,14259__compendium__8ef3c6c38e:p5",15,0
17,14260,"bmr1lr083,bmr2lr083",review_only_pdf_parent_feo_candidates,"8.52,11.08,72,14260",,,"8.52,11.08,72,14260",,,"688,689,690,691","14260__compendium__d945662a41:p1,14260__compendium__d945662a41:p2",4,0
18,15041,"bir1ls142,bir1ls143,bir1ls158,bir1ls161,c1lr12,c1lr13,c1ls142,c1ls143,c1ls158,c1ls161,c2lr12,c2lr13,c2ls142,c2ls158,c3lr12,c3ls142,c3ls158,c4ls142,calr13,cals142,cals143,cals158,cals161,cbls142,cbls143,cbls158,cbls161,ccls142,ccls143,ccls158,ccls161,cdls142,cdls143,cdls158,cdls161,cels142,cels143,cels158,cels161,cfls142,cfls143,cfls158,cfls161,cgls142,cgls143,cgls158,cgls161,chls142,chls143,chls158,chls161,cils142,cils143,cils158,cils161,cjls142,cjls143,cjls158,cjls161,ckls142,ckls143,csls158,csls161,k1ls142,k1ls143,kals142,kals143,kals158,kals161,kbls142,kbls143,kbls158,kbls161,kcls142,kcls143,kcls158,kcls161,kdls142,kdls143,kdls158,kdls161,kels142,kels143,kels158,kels161,kfls142,kfls143,kfls158,kfls161,kgls142,kgls143,kgls158,kgls161,khls142,khls143,khls158,khls161,kils142,kils143,kils158,kils161,kjls142,kjls143,kjls158,kjls161,kkls142,kkls143,ksls158,ksls161",no_parent_level_pdf_feo_candidate,,,,,,,,,0,0
19,15071,"bmr1lr080,bnr1dh031,c1lr19,c1lr20,c2lr80,calr80",review_only_pdf_parent_feo_candidates,"15.28,15.3,15.5,15.8,16.29,16.6,16.8,52,68,15070",,"15.28,15.3,15.5,15.8,16.29,16.6,16.8","52,68,15070",,,"971,972,973,974,975,976,977,978,979,980","15071__compendium__4c43a9d6a8:p1,15071__compendium__4c43a9d6a8:p3,15071__compendium__4c43a9d6a8:p4",10,0
20,15401,"bir1ls125,bir3lr052,c1lr52,c1ls125,c2lr52,c3lr52",review_only_pdf_parent_feo_candidates,15401,,,15401,"9.7,16.3,20",,1258,"15401__compendium__62ee8cef7f:p1,15401__compendium__62ee8cef7f:p3",1,3
21,15411,bnr1dh033,no_parent_level_pdf_feo_candidate,,,,,,,,,0,0
22,15445,"c1ls96,c2ls96,cals96,cbls96,ccls96,cdls96,cels96",review_only_pdf_parent_feo_candidates,"0.53,2.3,3.8,3.9,6.4,7.9,7.98,8.28,9.17,9.5,9.83,10,10.2",,,"0.53,2.3,3.8,3.9,6.4,7.9,7.98,8.28,9.17,9.5,9.83,10,10.2","4.7,4.8,4.9,7.74,9.24,9.3,9.52,9.54,9.59",,"1340,1341,1342,1343,1344,1345,1346,1347,1348,1349,1350,1351,1352","15445__compendium__72c922d60b:p10,15445__compendium__72c922d60b:p8,15445__compendium__72c922d60b:p9",13,10
23,15455,"calr239,cblr239",review_only_pdf_parent_feo_candidates,"2.91,4.2,5.79,8.79,9.53,9.66,9.79",,,"2.91,4.2,5.79,8.79,9.53,9.66,9.79",,,"1363,1364,1365,1366,1367,1368,1369","15455__compendium__ee06f606d1:p10,15455__compendium__ee06f606d1:p8,15455__compendium__ee06f606d1:p9",7,0
24,15531,"bir1ls126,c1ls126",review_only_pdf_parent_feo_candidates,"15.8,16.5,16.61,16.7,16.72,16.79,16.8,16.9,17.4,19.5,20.7,20.9,25.6,51,15501,15531",,"15.8,16.5,16.61,16.7,16.72,16.79,16.8,16.9,17.4,19.5,20.7,20.9","25.6,51,15501,15531",,,"1458,1459,1460,1461,1462,1463,1464,1465,1466,1467,1468,1469,1470,1471,1472,1473,1474,1475","15501__compendium__f961ba570d:p1,15501__compendium__f961ba570d:p3,15501__compendium__f961ba570d:p4,15501__compendium__f961ba570d:p5",18,0
25,60015,"bir1lr229,bir1lr246b,bir1lr246c,c1lr229,c1lr237,c1lr237c,c1lr242c,c1lr246b,c1lr246c",accepted_pdf_bulk_feo_plus_review_candidates,"0.22,0.26,0.35,0.36,4.8,5.28","0.22,0.26,5.28","0.35,0.36,4.8",,,"1729,1732,1733","1727,1728,1730,1731",60015__compendium__336bb1da0f:p7,7,0
26,60025,"bir1lr244b,bir1lr244c,c1lr235,c1lr235c,c1lr240c,c1lr244b,c1lr244c,c1ls26,c2ls26,c3ls26,cgls26",review_only_pdf_parent_feo_candidates,"0.145,0.15,0.17,0.18,0.19,0.23,0.31,0.35,0.495,0.67,1.3",,"0.31,0.35,0.495,0.67,1.3","0.145,0.15,0.17,0.18,0.19,0.23","0.315,0.32,0.36,0.362,0.63,0.665,1.31,5.14,11.8,13.1",,"1763,1764,1765,1766,1767,1768,1769,1770,1771,1772,1773,1774,1775","60025__compendium__e6a8f43f53:p5,60025__compendium__e6a8f43f53:p7,60025__compendium__e6a8f43f53:p8",13,10
27,60035,"c1ls22,c2ls22",review_only_pdf_parent_feo_candidates,"4,4.3,4.9,5.1,5.19",,,"4,4.3,4.9,5.1,5.19",,,"1786,1787,1788,1789,1790",60035__compendium__5f175248eb:p4,5,0
28,60051,cals69,no_parent_level_pdf_feo_candidate,,,,,,,,,0,0
29,60055,"biralr254,c0lr254,c1lr254",review_only_pdf_parent_feo_candidates,"0.33,1.7",,,"0.33,1.7",,,"1797,1798",60055__compendium__36f5c359c8:p3,2,0
30,60215,"biralr255,c0lr255,c1lr255",no_parent_level_pdf_feo_candidate,,,,,"0.15,4.82",,,60215__compendium__5f198bd617:p5,0,2
31,60501,"bmr1ls100,cals100,cbls100",no_parent_level_pdf_feo_candidate,,,,,,,,,0,0
32,61016,"bir1lr256,biralr253,biralr257,birblr257,birclr257,birdlr257,c0lr253,c1lr253,c1lr256,calr257,cblr257,cclr257,cdlr257",review_only_pdf_parent_feo_candidates,"0.26,0.3,1.4,4.5,4.63,4.82,4.97,5,5.1,5.11,5.16,5.31,5.4",,"0.26,0.3,1.4,4.5,4.63,4.82,5.11","4.97,5,5.1,5.16,5.31,5.4","3.1,3.65",,"1941,1942,1943,1944,1945,1946,1947,1948,1949,1950,1951,1952,1953","61016__compendium__49894d7fd5:p10,61016__compendium__49894d7fd5:p12,61016__compendium__49894d7fd5:p8,61016__compendium__49894d7fd5:p9",13,2
33,61141,"bir1ls105,bir1ls144,bir1ls150,bir1ls155,bmr1lr109,bmr1lr110,bmr1lr111,bmr1lr112,c1lr109,c1lr111,c1lr112,c1ls105,c1ls144,c1ls150,c1ls155,c2ls144,c2ls150,c2ls155,c2ls83,c3ls155,cals83,k1ls144",no_parent_level_pdf_feo_candidate,,,,,,,,,0,0
34,61161,calr06,no_parent_level_pdf_feo_candidate,,,,,,,,,0,0
35,61241,calr07,no_parent_level_pdf_feo_candidate,,,,,,,,,0,0
36,61501,"bir1ls106,c1ls106",no_parent_level_pdf_feo_candidate,,,,,,,,,0,0
37,62281,"bir1ls107,c1ls107",review_only_pdf_parent_feo_candidates,"5.25,5.5,76,62281",,"5.25,5.5","76,62281",,,"2075,2076,2077,2078,2079,2080","62281__compendium__b6dd654678:p1,62281__compendium__b6dd654678:p3",6,0
38,63341,"bir1ls108,c1ls108",no_parent_level_pdf_feo_candidate,,,,,,,,,0,0
39,63501,"bir1ls109,bmr1ls102,c1ls109,cals102,cbls102",no_parent_level_pdf_feo_candidate,,,,,,,,,0,0
40,64421,"bir1ls110,c1ls110",no_parent_level_pdf_feo_candidate,,,,,,,,,0,0
41,64801,"bmr1lr100,bmr1lr101,c1lr101,c1lr102,c1lr103,cals63,cbls63,cbls66,ccls66,cdls66,cels66,cfls66,cgls66,chls66,cils66,cjls66,cls66j,cls66z",review_only_pdf_parent_feo_candidates,"4.6,5.01,5.16,5.17,5.36,5.56,5.59,54,71,64801",,"4.6,5.01,5.16,5.17,5.36,5.56,5.59","54,71,64801",,,"2255,2256,2257,2258,2259,2260,2261,2262,2263,2264,2265","64801__compendium__edfc0653df:p2,64801__compendium__edfc0653df:p4,64801__compendium__edfc0653df:p5",11,0
42,65315,"bir1lr245b,bir1lr245c,c1lr236,c1lr236c,c1lr241c,c1lr245b,c1lr245c",no_parent_level_pdf_feo_candidate,,,,,"0.31,6.34,6.48",,,65315__compendium__d7625e8831:p6,0,4
43,65501,"bir1ls111,c1ls111",review_only_pdf_parent_feo_candidates,"5.65,5.82,5.85,6.02,6.05,65501",,,"5.65,5.82,5.85,6.02,6.05,65501",,,"2309,2310,2311,2312,2313,2314","65501__compendium__659551f114:p2,65501__compendium__659551f114:p4",6,0
44,65901,"bir1ls113,c1ls113",review_only_pdf_parent_feo_candidates,"5.8,5.85,65901",,"5.8,5.85",65901,,,"2343,2344,2345","65901__compendium__065c90c3b4:p2,65901__compendium__065c90c3b4:p4",3,0
45,66031,"bir1ls114,c1ls114",review_only_pdf_parent_feo_candidates,"5.47,5.8,102,66031",,,"5.47,5.8,102,66031",,,"2350,2351,2352,2353",66031__compendium__5ac98a2c52:p2,4,0
46,66041,"bmr1ls103,cals103,cbls103",accepted_pdf_bulk_feo_plus_review_candidates,"5.6,5.8,5.95,6.05,6.08,6.1,102,66031","5.8,5.95,6.08,6.1",5.6,"6.05,102,66031",,"2378,2379,2380,2381,2383","2376,2377,2382,2384","66041__compendium__3a5a7357b0:p2,66041__compendium__3a5a7357b0:p4,66041__compendium__3a5a7357b0:p5",9,0
47,67095,"c1ls89,c2ls89,c3ls89,c4ls89,cals89,cbls89,ccls89,cdls89,cels89",accepted_pdf_bulk_feo_plus_review_candidates,"4.66,4.87,5.18,5.34,5.5,5.6,5.71,5.8","4.66,5.18,5.5","4.87,5.34,5.6,5.71,5.8",,,"2519,2522,2524,2525","2518,2520,2521,2523,2526",67095__compendium__8d90c2eb08:p3,9,0
48,67455,"c1ls10,c1ls25,c2ls10,c2ls25,c3ls25,cgls25,s1ls10,s3ls10",accepted_pdf_bulk_feo_plus_review_candidates,"0.422,0.6,0.61,1.27,1.46,1.74,1.94,2.62,3.3,3.41,3.58,3.85,3.9,4.11,4.14,4.25,4.35,4.36,4.56,4.83,4.99,5.04,5.27,5.5,5.72,5.96,6.38",4.35,"0.422,0.6,0.61,1.27,1.46,1.74,1.94,2.62,3.3,3.41,3.58,3.85,3.9,4.11,4.14,4.25,4.36,4.56,4.83,4.99,5.04,5.27,5.5,5.72,5.96,6.38",,,2565,"2554,2555,2556,2557,2558,2559,2560,2561,2562,2563,2564,2566,2567,2568,2569,2570,2571,2572,2573,2574,2575,2576,2577,2578,2579,2580","67455__compendium__15db2c5157:p5,67455__compendium__15db2c5157:p6,67455__compendium__15db2c5157:p7,67455__compendium__15db2c5157:p8",27,0
49,67461,"bir1ls115,bir1ls145,bir1ls153,bir1ls156,bir3lr114,bmr1lr113,bmr1lr114,bmr1lr115,bmr1lr116,c1lr113,c1lr114,c1lr115,c1lr116,c1ls115,c1ls145,c1ls153,c1ls156,c2lr114,c2ls145,c2ls153,c2ls156,c3ls145,c3ls156,c4ls145,c5ls145,cbls68,ccls68,cdls68,cels68,cfls68,chls68,cvls145,cvls153,cvls156,k1ls145",review_only_pdf_parent_feo_candidates,"4.2,4.24,4.32,4.35,25,67461",,,"4.2,4.24,4.32,4.35,25,67461",,,"2581,2582,2583,2584,2585,2586,2587","67461__compendium__8018a3c4a3:p2,67461__compendium__8018a3c4a3:p4",7,0
50,67475,"c1ls95,c2ls95,cals95",accepted_pdf_bulk_feo_plus_review_candidates,"2.65,2.91,3,3.1,3.2,5.3,8.2,13.6","2.91,3.2","2.65,3,3.1,3.2,5.3,8.2,13.6",,,"2588,2589","2590,2591,2592,2593,2594,2595,2596","67475__compendium__befb0e98c8:p5,67475__compendium__befb0e98c8:p7",9,0
51,67481,"bmr1lr117,bmr1lr118,bmr1lr119,bmr1lr120,c1lr117,c1lr118,c1lr119,c1lr120",review_only_pdf_parent_feo_candidates,"3.84,4.09,4.1,4.12,4.2,4.27,4.66,67481,67510",,"3.84,4.09,4.12,4.2,4.66","4.1,4.27,67481,67510",,,"2597,2598,2599,2600,2601,2602,2603,2604,2605,2606","67481__compendium__87a09f7dbf:p2,67481__compendium__87a09f7dbf:p4,67481__compendium__87a09f7dbf:p5",10,0
52,67511,"bir1ls128,c1ls128",no_parent_level_pdf_feo_candidate,,,,,,,,,0,0
53,67601,"bmr1ls104,cals104,cbls104",review_only_pdf_parent_feo_candidates,"4.02,4.09,4.2,4.23,4.24,45,67601",,"4.02,4.09,4.2,4.23,4.24","45,67601",,,"2626,2627,2628,2629,2630,2631,2632","67601__compendium__6af12f2feb:p1,67601__compendium__6af12f2feb:p3",7,0
54,67627,"c1lr01,c1lr02,c2lr01,c2lr02,c3lr01,c3lr02,calr01,calr02,cblr02,cclr02,cdlr02,celr02",review_only_pdf_parent_feo_candidates,"0.15,4.1,5.24,5.29,5.5,5.6,5.85,6.2,6.4,6.9,7.3",,"4.1,5.24,5.29,5.5,5.6,6.9","0.15,5.85,6.2,6.4,7.3",,,"2637,2638,2639,2640,2641,2642,2643,2644,2645,2646,2647,2648,2649,2650,2651,2652,2653","67627__compendium__55c3e4b889:p7,67627__compendium__55c3e4b889:p8",17,0
55,67701,"bir1ls116,c1ls116,cals64,cbls64,cbls67,ccls67,cdls64,cdls67,cfls67,cgls67,chls67,cils67,cjls67,m1ls67a,m2ls67a,mals67a,mals67e,mals67f,mals67h",review_only_pdf_parent_feo_candidates,"2.67,2.96,2.98,3.97,4.12,4.17,4.2,39,67701",,"2.67,2.96,2.98,3.97,4.12,4.17,4.2","39,67701",,,"2671,2672,2673,2674,2675,2676,2677,2678,2679,2680,2681","67701__compendium__1a762b0146:p2,67701__compendium__1a762b0146:p5,67701__compendium__1a762b0146:p6",11,0
56,67711,"bir1ls129,c1ls129",no_parent_level_pdf_feo_candidate,,,,,,,,,0,0
57,67729,"c1ls87,cals87,cbls87,ccls87,cdls87,cels87",no_parent_level_pdf_feo_candidate,,,,,,,,,0,0
58,67936,"c2ls90,c3ls90,c4ls90,cals90,cwls90",review_only_pdf_parent_feo_candidates,"2.53,7.52",,,"2.53,7.52",,,"2723,2724",67935__compendium__c89c0d9c26:p5,2,0
59,67941,"c2ls81,cals81",review_only_pdf_parent_feo_candidates,"4,4.2,4.5,4.56,4.57,4.6,4.73,4.76,16,20.",,"4.2,4.5,4.56,4.57,4.73,4.76","4,4.6,16,20.",,,"2725,2726,2727,2728,2729,2730,2731,2732,2733,2734","67941rev__compendium__67e4c7a805:p2,67941rev__compendium__67e4c7a805:p4,67941rev__compendium__67e4c7a805:p5",10,0
60,67960,"bir1ls130,c1ls130",review_only_pdf_parent_feo_candidates,"4,4.2,4.5,4.56,4.57,4.6,4.73,4.76,16,20.",,"4.2,4.5,4.56,4.57,4.73,4.76","4,4.6,16,20.",,,"2725,2726,2727,2728,2729,2730,2731,2732,2733,2734","67941rev__compendium__67e4c7a805:p2,67941rev__compendium__67e4c7a805:p4,67941rev__compendium__67e4c7a805:p5",10,0
61,68121,"bir1ls117,c1ls117",accepted_pdf_bulk_feo_plus_review_candidates,"5.15,5.35,5.67,61,68121","5.15,5.35,5.67",,"61,68121",,"2790,2791,2792","2788,2789","68121__compendium__6f3c9e4d9f:p2,68121__compendium__6f3c9e4d9f:p3",5,0
62,68815,"c1ls94,c2ls94,cals94",review_only_pdf_parent_feo_candidates,"0.77,3.14,4.75,4.97,5.14,5.17,5.5,26.5",,"0.77,3.14,4.75,4.97,5.14,5.17,5.5","3.14,5.5,26.5",,,"2820,2821,2822,2823,2824,2825,2826,2827,2828,2829","68815__compendium__119f758385:p3,68815__compendium__119f758385:p4",10,0
63,69003,"bir1lr136,c1lr136",no_parent_level_pdf_feo_candidate,,,,,,,,,0,0
64,69004,"bir1lr137,c1lr137,c2lr137",no_parent_level_pdf_feo_candidate,,,,,,,,,0,0
65,69921,"bir1lr138a,bir1lr138b,bir1lr138c,bir1lr138d,bir1lr138e,bir1ls118,c1lr138a,c1lr138b,c1lr138c,c1lr138d,c1lr138e,c1ls118",no_parent_level_pdf_feo_candidate,,,,,,,,,0,0
66,69935,"c1lr03,c1lr04,c2lr03,c2lr04,c3lr03,c3lr04,calr03,calr04,cblr03,cclr03,cdlr03,celr03",review_only_pdf_parent_feo_candidates,"2.34,4",,"2.34,4",,,,"2860,2861",69935__compendium__764037a985:p7,2,0
67,69941,"bir1lr139a,bir1lr139b,bir1lr139c,bir1lr139d,bir1lr139e,c1lr139a,c1lr139b,c1lr139c,c1lr139d,c1lr139e",no_parent_level_pdf_feo_candidate,,,,,,,,,0,0
68,69955,"bir1lr247b,bir1lr247c,c1lr238,c1lr238c,c1lr243c,c1lr247b,c1lr247c",review_only_pdf_parent_feo_candidates,"0.36,0.49",,"0.36,0.49",,,,"2862,2863",69955__compendium__b673fcba8a:p4,2,0
69,70181,"bnr1dh032,c1lr23,c1lr24,c1lr25,c1sn05,c1sn06,c2lr45,c2lr46,c2lr47,c2lr48",accepted_pdf_bulk_feo_plus_review_candidates,"16.37,16.4,16.55,16.6,17.7,17.9,47,56,70181","16.37,16.4,16.55,16.6,17.7,17.9",,"47,56,70181",,"2954,2955,2956,2957,2958,2959","2951,2952,2953","70181__compendium__96fa738a56:p1,70181__compendium__96fa738a56:p2,70181__compendium__96fa738a56:p4",9,0
70,70215,"c1lr248a,c1lr248b,calr248",accepted_pdf_bulk_feo,"16.2,19.09,19.2,19.22,19.46,19.62,19.94,19.96,20.1,20.7","16.2,19.09,19.2,19.22,19.46,19.62,19.94,19.96,20.1,20.7",,,,"2962,2963,2964,2965,2966,2967,2968,2969,2970,2971",,"70215__compendium__2e680daffe:p6,70215__compendium__2e680daffe:p7",10,0
71,71041,"bir1ls131,c1ls131",review_only_pdf_parent_feo_candidates,"16.8,17.73,17.85,18,18.3,18.9,29,120,71041,71061",,,"16.8,17.73,17.85,18,18.3,18.9,29,120,71041,71061",,,"3002,3003,3004,3005,3006,3007,3008,3009,3010,3011,3012,3013,3014","71041__compendium__728e9fe542:p1,71041__compendium__728e9fe542:p2,71041__compendium__728e9fe542:p4",13,0
72,71055,"c1lr249a,c1lr249b,calr249",review_only_pdf_parent_feo_candidates,"16,18.52,19.04,19.2,19.4,19.43,19.74,21.07",,"16,18.52,19.04,19.2,19.4,19.43,19.74,21.07",,,,"2992,2993,2994,2995,2996,2997,2998,2999,3000,3001","71035__compendium__f5705aa0be:p8,71035__compendium__f5705aa0be:p9",10,0
73,71061,"bir1ls132,c1lr26,c1lr27,c1lr57,c1lr58,c1lr59,c1lr60,c1ls132,c2lr57,c3lr57,calr57",review_only_pdf_parent_feo_candidates,"16.8,17.73,17.85,18,18.3,18.9,29,120,71041,71061",,,"16.8,17.73,17.85,18,18.3,18.9,29,120,71041,71061",,,"3002,3003,3004,3005,3006,3007,3008,3009,3010,3011,3012,3013,3014","71041__compendium__728e9fe542:p1,71041__compendium__728e9fe542:p2,71041__compendium__728e9fe542:p4",13,0
74,72255,"c1ls99,cals99,cbls99,ccls99,cdls99,cels99",accepted_pdf_bulk_feo,"0.13,4.5,6.8,7.4,7.42,7.7,8.1,8.31,8.4,8.55,9.05,9.5,9.8,14","0.13,4.5,6.8,7.4,7.42,7.7,8.1,8.31,8.4,8.55,9.05,9.5,9.8,14",,,,"3200,3201,3202,3203,3204,3205,3206,3207,3208,3209,3210,3211,3212,3213,3214,3215",,"72255__compendium__0b02d733e7:p10,72255__compendium__0b02d733e7:p8",16,0
75,72321,calr08,no_parent_level_pdf_feo_candidate,,,,,,,,,0,0
76,72701,cals75,review_only_pdf_parent_feo_candidates,"8.36,8.64,8.65,8.78,8.85,8.88,8.94,8.99,9.04,9.07,61,72701",,"8.36,8.64,8.65,8.78,8.85,8.88,8.94,8.99,9.04,9.07","61,72701",,,"3314,3315,3316,3317,3318,3319,3320,3321,3322,3323,3324,3325","72701__compendium__c2238abf6a:p1,72701__compendium__c2238abf6a:p4",12,0
77,73131,"bir1ls133,c1ls133",review_only_pdf_parent_feo_candidates,"0.14,3,6.87,7.18,73131",,,"0.14,3,6.87,7.18,73131",,,"3333,3334,3335,3336,3337",73131__compendium__7659e3c2ad:p2,5,0
78,73241,"bir1ls134,bir1ls135,c1ls134,c1ls135,cals72",review_only_pdf_parent_feo_candidates,"8.39,8.45,8.54,8.75,8.82,8.84,8.85,8.86,18,34,43,45",,,"8.39,8.45,8.54,8.75,8.82,8.84,8.85,8.86,18,34,43,45",,,"3406,3407,3408,3409,3410,3411,3412,3413,3414,3415,3416,3417","73221__compendium__83f44d040a:p2,73221__compendium__83f44d040a:p5,73221__compendium__83f44d040a:p6",12,0
79,73261,cals74,review_only_pdf_parent_feo_candidates,"8.39,8.45,8.54,8.75,8.82,8.84,8.85,8.86,18,34,43,45",,,"8.39,8.45,8.54,8.75,8.82,8.84,8.85,8.86,18,34,43,45",,,"3406,3407,3408,3409,3410,3411,3412,3413,3414,3415,3416,3417","73221__compendium__83f44d040a:p2,73221__compendium__83f44d040a:p5,73221__compendium__83f44d040a:p6",12,0
80,73281,cals73,review_only_pdf_parent_feo_candidates,"8.39,8.45,8.54,8.75,8.82,8.84,8.85,8.86,18,34,43,45",,,"8.39,8.45,8.54,8.75,8.82,8.84,8.85,8.86,18,34,43,45",,,"3406,3407,3408,3409,3410,3411,3412,3413,3414,3415,3416,3417","73221__compendium__83f44d040a:p2,73221__compendium__83f44d040a:p5,73221__compendium__83f44d040a:p6",12,0
81,74001,c1lr50,review_only_pdf_parent_feo_candidates,"22.1,22.5,23.4,23.7,74001",,,"22.1,22.5,23.4,23.7,74001",,,"3464,3465,3466,3467,3468","74002__compendium__e7077af4c3:p10,74002__compendium__e7077af4c3:p4",5,0
82,74002,"bir1lr130,bir1lr131,bir1lr132,bir1lr133,bir1lr134,c1lr130,c1lr131,c1lr132,c1lr133,c1lr134",review_only_pdf_parent_feo_candidates,"22.1,22.5,23.4,23.7,74001",,,"22.1,22.5,23.4,23.7,74001",,,"3464,3465,3466,3467,3468","74002__compendium__e7077af4c3:p10,74002__compendium__e7077af4c3:p4",5,0
83,74220,c1lr51,review_only_pdf_parent_feo_candidates,"0.68,2.56,14.66,14.84,14.89,14.96,15.18,15.31,15.4,15.8,15.84,16.2,20.97,21.23,21.3,21.87,21.96,22,22.04,22.13,22.2,22.21,22.3,22.34,22.4,22.5,22.6,22.7,22.8,22.9,23.1,23.4,23.7,23.8,24.19,54,605.,74001",,,"0.68,2.56,14.66,14.84,14.89,14.96,15.18,15.31,15.4,15.8,15.84,16.2,20.97,21.23,21.3,21.87,21.96,22,22.04,22.13,22.2,22.21,22.3,22.34,22.4,22.5,22.6,22.7,22.8,22.9,23.1,23.4,23.7,23.8,24.19,54,605.,74001",,,"3476,3477,3478,3479,3480,3481,3482,3483,3484,3485,3486,3487,3488,3489,3490,3491,3492,3493,3494,3495,3496,3497,3498,3499,3500,3501,3502,3503,3504,3505,3506,3507,3508,3509,3510,3511,3512,3513,3514,3515,3516,3517,3518,3519,3520","74220__compendium__54c453791d:p10,74220__compendium__54c453791d:p11,74220__compendium__54c453791d:p12,74220__compendium__54c453791d:p13,74220__compendium__54c453791d:p14,74220__compendium__54c453791d:p19",45,0
84,74275,"c1lr250a,c1lr250b,calr250",review_only_pdf_parent_feo_candidates,"15,15.5,16.6,17.4,17.5,18,18.03,18.18,18.25,18.29,18.31,19.1",,"17.4,18,18.03,18.18,18.25,18.29,18.31,19.1","15,15.5,16.6,17.4,17.5",,,"3530,3531,3532,3533,3534,3535,3536,3537,3538,3539,3540,3541,3542,3543,3544","74275__compendium__5771f07302:p6,74275__compendium__5771f07302:p9",15,0
85,75061,"bir1ls138,c1ls138",accepted_pdf_bulk_feo_plus_review_candidates,"16.8,17.86,17.9,18,18.19,33,75061","16.8,17.86,17.9,18,18.19",,"33,75061",,"3565,3566,3567,3568,3569","3562,3563,3564","75061__compendium__a4b3f49e13:p1,75061__compendium__a4b3f49e13:p3",8,0
86,75075,"c1lr251a,c1lr251b,calr251",review_only_pdf_parent_feo_candidates,"18.78,18.85",,"18.78,18.85",,,,"3570,3571",75075__compendium__aa45772958:p5,2,0
87,76055,"c1ls92,c2ls92,cals92",accepted_pdf_bulk_feo_plus_review_candidates,"9,9.11,9.2,9.26,9.27,14.4","9.11,9.26","9,9.2,9.27",14.4,,"3622,3626","3623,3624,3625,3627","76055__compendium__df9e1b0228:p5,76055__compendium__df9e1b0228:p8",6,0
88,76255,"c1ls20,c2ls20,c3ls20,c4ls20,ccls24,cdls24,cels24,cfls24,cgls24,chls24,cils24",accepted_pdf_bulk_feo_plus_review_candidates,"4.23,4.25,7.21,7.4,7.7,8.1,9.36,9.8","4.25,7.7,8.1","4.23,7.21,7.4,9.36,9.8",,,"3666,3667,3668","3661,3662,3663,3664,3665",76255__compendium__991efccc12:p7,8,0
89,78598,"c1lr252a,c1lr252b,calr252",review_only_pdf_parent_feo_candidates,18.5,,,18.5,,,3902,78598__compendium__f1ad04da56:p4,1,0
