id,apollo_parent_id,relab_measurement_ids
1,10003,c1ls21
2,10020,c1ls84
3,10068,"c1lr33,c1lr34,kalr33,kalr34,kalr35,kalr36,kalr37"
4,10084,"bir1lr069,bir1lr070,bir1lr071,c1lr15,c1lr21,c1lr68,c1lr70,c1lr71,c1ls46,c1ls48,c1ls49,c2lr16,c2ls45,c3lr15,c3lr16,c5ls31,c6ls31,cals31,cals49,cbls31,ccls31,cdls31,cdls49,cels31,cffl49,cfls31,cfls49,cgls31,cgls49,chls31,chls49,cils31,cils49,cjls31,cjls49,ckls31,clls31,cls31g,cls31k,cls49d,cls49f,cmls31,cmls49,cnls31,cols31,cols49,cpls31,cqls31,crls31,csls31,ctls31,culs31,cvls31,cwls31,cxls31,n1ls31,n1ls47,n1ls48,n1ls49a,n1ls49e,n1ls49g,n1ls49h,n2ls31,n2ls47,n2ls48,n2ls49a,n2ls49e,n2ls49g,n2ls49h,n3ls47,n3ls48,n3ls49a,n3ls49e,n3ls49g,n3ls49h,n4ls31,n4ls47,n4ls48,n4ls49a,n4ls49e,n4ls49g,n4ls49h,n5ls47,n5ls48,n6ls47,n6ls48,nals47,nals48,sffl49,sils49,sls49f"
5,12001,"bir1lr074,bir1lr075,bir2lr073,bmr1lr073,c1lr10,c1lr11,c2lr73,c2lr74,c2lr75,calr73"
6,12003,calr09
7,12021,"bir1dd035,bir1dd036,c1dd35,c1dd36"
8,12023,"c2ls78,cals78"
9,12030,"bir1ls120,c1lr30,c1lr31,c1lr32,c1ls120,c2ls76,cals76,cblr05,cclr05,cdlr05,celr05"
10,12037,"bir1ls123,c1ls123,cals80"
11,12063,"c1ls09,c1ls14,c1ls86,c2ls09,c2ls14,c3ls09,c4ls09,c5ls09,c6ls09,s1ls09,s1ls14"
12,12070,"c5ls32,c6ls32,cals32,cbls32,ccls32,cdls32,cels32,cfls32,cgls32,chls32,cils32,cjls32,ckls32,clls32,cls32g,cls32k,cmls32,cnls32,cols32,cpls32,cqls32,crls32,csls32,ctls32,culs32,cvls32,cwls32,cxls32,n1ls32,n2ls32,n4ls32,svls32"
13,14149,cals70
14,14163,"bmr1lr090,c1lr89,c1lr90,c1lr91,c1lr92"
15,14240,cals71
16,14259,"bir1ls146,bir1ls147,bir1ls154,bir1ls160,bmr1lr086,bnr1dh034,c1ls146,c1ls147,c1ls154,c1ls160,c2ls146,c2ls154,c2ls160,c3ls146,c3ls154,c4ls146,c5ls33,c6ls33,cals33,cbls33,ccls33,cdls33,cels33,cfls33,cgls33,chls33,cils33,cjls33,ckls33,clls33,cls33g,cls33k,cmls33,cnls33,cols33,cpls33,cqls33,crls33,csls33,ctls33,culs33,cvls146,cvls160,cvls33,cwls33,cxls33,k1ls146,k1ls147,n1ls33,n2ls33,n4ls33"
17,14260,"bmr1lr083,bmr2lr083"
18,15041,"bir1ls142,bir1ls143,bir1ls158,bir1ls161,c1lr12,c1lr13,c1ls142,c1ls143,c1ls158,c1ls161,c2lr12,c2lr13,c2ls142,c2ls158,c3lr12,c3ls142,c3ls158,c4ls142,calr13,cals142,cals143,cals158,cals161,cbls142,cbls143,cbls158,cbls161,ccls142,ccls143,ccls158,ccls161,cdls142,cdls143,cdls158,cdls161,cels142,cels143,cels158,cels161,cfls142,cfls143,cfls158,cfls161,cgls142,cgls143,cgls158,cgls161,chls142,chls143,chls158,chls161,cils142,cils143,cils158,cils161,cjls142,cjls143,cjls158,cjls161,ckls142,ckls143,csls158,csls161,k1ls142,k1ls143,kals142,kals143,kals158,kals161,kbls142,kbls143,kbls158,kbls161,kcls142,kcls143,kcls158,kcls161,kdls142,kdls143,kdls158,kdls161,kels142,kels143,kels158,kels161,kfls142,kfls143,kfls158,kfls161,kgls142,kgls143,kgls158,kgls161,khls142,khls143,khls158,khls161,kils142,kils143,kils158,kils161,kjls142,kjls143,kjls158,kjls161,kkls142,kkls143,ksls158,ksls161"
19,15071,"bmr1lr080,bnr1dh031,c1lr19,c1lr20,c2lr80,calr80"
20,15401,"bir1ls125,bir3lr052,c1lr52,c1ls125,c2lr52,c3lr52"
21,15411,bnr1dh033
22,15445,"c1ls96,c2ls96,cals96,cbls96,ccls96,cdls96,cels96"
23,15455,"calr239,cblr239"
24,15531,"bir1ls126,c1ls126"
25,60015,"bir1lr229,bir1lr246b,bir1lr246c,c1lr229,c1lr237,c1lr237c,c1lr242c,c1lr246b,c1lr246c"
26,60025,"bir1lr244b,bir1lr244c,c1lr235,c1lr235c,c1lr240c,c1lr244b,c1lr244c,c1ls26,c2ls26,c3ls26,cgls26"
27,60035,"c1ls22,c2ls22"
28,60051,cals69
29,60055,"biralr254,c0lr254,c1lr254"
30,60215,"biralr255,c0lr255,c1lr255"
31,60501,"bmr1ls100,cals100,cbls100"
32,61016,"bir1lr256,biralr253,biralr257,birblr257,birclr257,birdlr257,c0lr253,c1lr253,c1lr256,calr257,cblr257,cclr257,cdlr257"
33,61141,"bir1ls105,bir1ls144,bir1ls150,bir1ls155,bmr1lr109,bmr1lr110,bmr1lr111,bmr1lr112,c1lr109,c1lr111,c1lr112,c1ls105,c1ls144,c1ls150,c1ls155,c2ls144,c2ls150,c2ls155,c2ls83,c3ls155,cals83,k1ls144"
34,61161,calr06
35,61241,calr07
36,61501,"bir1ls106,c1ls106"
37,62281,"bir1ls107,c1ls107"
38,63341,"bir1ls108,c1ls108"
39,63501,"bir1ls109,bmr1ls102,c1ls109,cals102,cbls102"
40,64421,"bir1ls110,c1ls110"
41,64801,"bmr1lr100,bmr1lr101,c1lr101,c1lr102,c1lr103,cals63,cbls63,cbls66,ccls66,cdls66,cels66,cfls66,cgls66,chls66,cils66,cjls66,cls66j,cls66z"
42,65315,"bir1lr245b,bir1lr245c,c1lr236,c1lr236c,c1lr241c,c1lr245b,c1lr245c"
43,65501,"bir1ls111,c1ls111"
44,65901,"bir1ls113,c1ls113"
45,66031,"bir1ls114,c1ls114"
46,66041,"bmr1ls103,cals103,cbls103"
47,67095,"c1ls89,c2ls89,c3ls89,c4ls89,cals89,cbls89,ccls89,cdls89,cels89"
48,67455,"c1ls10,c1ls25,c2ls10,c2ls25,c3ls25,cgls25,s1ls10,s3ls10"
49,67461,"bir1ls115,bir1ls145,bir1ls153,bir1ls156,bir3lr114,bmr1lr113,bmr1lr114,bmr1lr115,bmr1lr116,c1lr113,c1lr114,c1lr115,c1lr116,c1ls115,c1ls145,c1ls153,c1ls156,c2lr114,c2ls145,c2ls153,c2ls156,c3ls145,c3ls156,c4ls145,c5ls145,cbls68,ccls68,cdls68,cels68,cfls68,chls68,cvls145,cvls153,cvls156,k1ls145"
50,67475,"c1ls95,c2ls95,cals95"
51,67481,"bmr1lr117,bmr1lr118,bmr1lr119,bmr1lr120,c1lr117,c1lr118,c1lr119,c1lr120"
52,67511,"bir1ls128,c1ls128"
53,67601,"bmr1ls104,cals104,cbls104"
54,67627,"c1lr01,c1lr02,c2lr01,c2lr02,c3lr01,c3lr02,calr01,calr02,cblr02,cclr02,cdlr02,celr02"
55,67701,"bir1ls116,c1ls116,cals64,cbls64,cbls67,ccls67,cdls64,cdls67,cfls67,cgls67,chls67,cils67,cjls67,m1ls67a,m2ls67a,mals67a,mals67e,mals67f,mals67h"
56,67711,"bir1ls129,c1ls129"
57,67729,"c1ls87,cals87,cbls87,ccls87,cdls87,cels87"
58,67936,"c2ls90,c3ls90,c4ls90,cals90,cwls90"
59,67941,"c2ls81,cals81"
60,67960,"bir1ls130,c1ls130"
61,68121,"bir1ls117,c1ls117"
62,68815,"c1ls94,c2ls94,cals94"
63,69003,"bir1lr136,c1lr136"
64,69004,"bir1lr137,c1lr137,c2lr137"
65,69921,"bir1lr138a,bir1lr138b,bir1lr138c,bir1lr138d,bir1lr138e,bir1ls118,c1lr138a,c1lr138b,c1lr138c,c1lr138d,c1lr138e,c1ls118"
66,69935,"c1lr03,c1lr04,c2lr03,c2lr04,c3lr03,c3lr04,calr03,calr04,cblr03,cclr03,cdlr03,celr03"
67,69941,"bir1lr139a,bir1lr139b,bir1lr139c,bir1lr139d,bir1lr139e,c1lr139a,c1lr139b,c1lr139c,c1lr139d,c1lr139e"
68,69955,"bir1lr247b,bir1lr247c,c1lr238,c1lr238c,c1lr243c,c1lr247b,c1lr247c"
69,70181,"bnr1dh032,c1lr23,c1lr24,c1lr25,c1sn05,c1sn06,c2lr45,c2lr46,c2lr47,c2lr48"
70,70215,"c1lr248a,c1lr248b,calr248"
71,71041,"bir1ls131,c1ls131"
72,71055,"c1lr249a,c1lr249b,calr249"
73,71061,"bir1ls132,c1lr26,c1lr27,c1lr57,c1lr58,c1lr59,c1lr60,c1ls132,c2lr57,c3lr57,calr57"
74,72255,"c1ls99,cals99,cbls99,ccls99,cdls99,cels99"
75,72321,calr08
76,72701,cals75
77,73131,"bir1ls133,c1ls133"
78,73241,"bir1ls134,bir1ls135,c1ls134,c1ls135,cals72"
79,73261,cals74
80,73281,cals73
81,74001,c1lr50
82,74002,"bir1lr130,bir1lr131,bir1lr132,bir1lr133,bir1lr134,c1lr130,c1lr131,c1lr132,c1lr133,c1lr134"
83,74220,c1lr51
84,74275,"c1lr250a,c1lr250b,calr250"
85,75061,"bir1ls138,c1ls138"
86,75075,"c1lr251a,c1lr251b,calr251"
87,76055,"c1ls92,c2ls92,cals92"
88,76255,"c1ls20,c2ls20,c3ls20,c4ls20,ccls24,cdls24,cels24,cfls24,cgls24,chls24,cils24"
89,78598,"c1lr252a,c1lr252b,calr252"
