chemistry_product_id,logical_identifier,version_id,chemistry_record_index,specimen_id,phase_abbreviation,phase_name,sio2_percent,tio2_percent,al2o3_percent,cr2o3_percent,fe2o3_percent,feo_percent,mno_percent,mgo_percent,cao_percent,na2o_percent,k2o_percent,p2o5_percent,loss_on_ignition,cu_ppm,ni_ppm,co_ppm,zn_ppm,v_ppm,sources_and_methods,additional_notes,source_column_names_json,chemistry_data_file,source_metadata_file,chemistry_data_sha256,source_metadata_sha256
lr-cmp-144_specimenchemistry,urn:nasa:pds:relab:data_ancillary_chemistry:lr-cmp-144_specimenchemistry,1.1,1,LR-CMP-144,AUG,Augite,51.06,0.79,2.73,0.95,0,13.69,0.23,14.83,16.31,0.02,0,0,0,0,0,0,0,0,"PGI, Taylor et al. Augute composition by Sarbadhikari et al.",,"[""Specimen_ID"", ""Phase_Abbreviation"", ""Phase"", ""SiO2_percent"", ""TiO2_percent"", ""Al2O3_percent"", ""Cr2O3_percent"", ""Fe2O3_percent"", ""x_FeO_percent"", ""MnO_percent"", ""MgO_percent"", ""CaO_percent"", ""Na2O_percent"", ""K2O_percent"", ""P2O5_percent"", ""Loss_On_Ignition"", ""Cu_ppm"", ""Ni_ppm"", ""Co_ppm"", ""Zn_ppm"", ""V_ppm"", ""Sources_And_Methods"", ""Additional_Notes""]",/media/maxim/Elements/grants/2024/INSRU/pgdal/cartApollo2026/cartOrder/cartorder/ancillary/lr-cmp-144_specimenchemistry.csv,/media/maxim/Elements/grants/2024/INSRU/pgdal/cartApollo2026/cartOrder/cartorder/ancillary/lr-cmp-144_specimenchemistry.xml,260f9cb912f12a3ada68b3e2e75a6d4fa9f292e5a1c4fb3d50dbde2ddaa6ca3d,cd557465ab28dcf3bcfd32757d6d2403f4c512603d141cb84ef1720a260f99f8
lr-cmp-145_specimenchemistry,urn:nasa:pds:relab:data_ancillary_chemistry:lr-cmp-145_specimenchemistry,1.1,1,LR-CMP-145,PYX,Pyroxene,52.59,0.35,1.33,0.77,0,19.09,0.33,21.15,4.8,0.02,0,0,0,0,0,0,0,0,"PGI, Taylor et al. Pigeonite composition by Sarbadhikari et al.",,"[""Specimen_ID"", ""Phase_Abbreviation"", ""Phase"", ""SiO2_percent"", ""TiO2_percent"", ""Al2O3_percent"", ""Cr2O3_percent"", ""Fe2O3_percent"", ""x_FeO_percent"", ""MnO_percent"", ""MgO_percent"", ""CaO_percent"", ""Na2O_percent"", ""K2O_percent"", ""P2O5_percent"", ""Loss_On_Ignition"", ""Cu_ppm"", ""Ni_ppm"", ""Co_ppm"", ""Zn_ppm"", ""V_ppm"", ""Sources_And_Methods"", ""Additional_Notes""]",/media/maxim/Elements/grants/2024/INSRU/pgdal/cartApollo2026/cartOrder/cartorder/ancillary/lr-cmp-145_specimenchemistry.csv,/media/maxim/Elements/grants/2024/INSRU/pgdal/cartApollo2026/cartOrder/cartorder/ancillary/lr-cmp-145_specimenchemistry.xml,746cb14364f48c5d5122163013d340405a29ae33625206832d1880feb8706b72,44bd6df363f055f27315b5d94ca037b8bbdaec44bad95df8fdb55b2be49ab623
lr-cmp-146_specimenchemistry,urn:nasa:pds:relab:data_ancillary_chemistry:lr-cmp-146_specimenchemistry,1.1,1,LR-CMP-146,PLG,Plagioclase,45.62,0,33.32,0,0,0.57,0,0.19,18.6,0.92,0.05,0,0,0,0,0,0,0,"PGI, Taylor et al.",,"[""Specimen_ID"", ""Phase_Abbreviation"", ""Phase"", ""SiO2_percent"", ""TiO2_percent"", ""Al2O3_percent"", ""Cr2O3_percent"", ""Fe2O3_percent"", ""x_FeO_percent"", ""MnO_percent"", ""MgO_percent"", ""CaO_percent"", ""Na2O_percent"", ""K2O_percent"", ""P2O5_percent"", ""Loss_On_Ignition"", ""Cu_ppm"", ""Ni_ppm"", ""Co_ppm"", ""Zn_ppm"", ""V_ppm"", ""Sources_And_Methods"", ""Additional_Notes""]",/media/maxim/Elements/grants/2024/INSRU/pgdal/cartApollo2026/cartOrder/cartorder/ancillary/lr-cmp-146_specimenchemistry.csv,/media/maxim/Elements/grants/2024/INSRU/pgdal/cartApollo2026/cartOrder/cartorder/ancillary/lr-cmp-146_specimenchemistry.xml,aa31dcead74c0711cc0109186274c3bef45b3f758b0e9d53d68ac4fa7f9e932a,1e87f3ec2e81d44ad4a6c4b52fd17990e2f97feb0b65806738142e0a6351840a
lr-cmp-147_specimenchemistry,urn:nasa:pds:relab:data_ancillary_chemistry:lr-cmp-147_specimenchemistry,1.1,1,LR-CMP-147,AUG,Augite,48.21,3.51,4.13,0.89,0,8.25,0.16,14.58,19.84,0.1,0,0,0,0,0,0,0,0,"PGI, Taylor et al.",,"[""Specimen_ID"", ""Phase_Abbreviation"", ""Phase"", ""SiO2_percent"", ""TiO2_percent"", ""Al2O3_percent"", ""Cr2O3_percent"", ""Fe2O3_percent"", ""x_FeO_percent"", ""MnO_percent"", ""MgO_percent"", ""CaO_percent"", ""Na2O_percent"", ""K2O_percent"", ""P2O5_percent"", ""Loss_On_Ignition"", ""Cu_ppm"", ""Ni_ppm"", ""Co_ppm"", ""Zn_ppm"", ""V_ppm"", ""Sources_And_Methods"", ""Additional_Notes""]",/media/maxim/Elements/grants/2024/INSRU/pgdal/cartApollo2026/cartOrder/cartorder/ancillary/lr-cmp-147_specimenchemistry.csv,/media/maxim/Elements/grants/2024/INSRU/pgdal/cartApollo2026/cartOrder/cartorder/ancillary/lr-cmp-147_specimenchemistry.xml,3273f6e98c896744faa6b6de74e1bfc5ff324928c505fcd62dc9d32b47e1ef6a,5e12620686f97e833d329849cbb3e3dad46a8c37b7f2744b55bb05019f7b6636
lr-cmp-148_specimenchemistry,urn:nasa:pds:relab:data_ancillary_chemistry:lr-cmp-148_specimenchemistry,1.1,1,LR-CMP-148,PIG,Pigeonite,52.86,0.83,1.02,0.38,0,17.3,0.35,23.33,3.74,0.01,0,0,0,0,0,0,0,0,"PGI, Taylor et al.",,"[""Specimen_ID"", ""Phase_Abbreviation"", ""Phase"", ""SiO2_percent"", ""TiO2_percent"", ""Al2O3_percent"", ""Cr2O3_percent"", ""Fe2O3_percent"", ""x_FeO_percent"", ""MnO_percent"", ""MgO_percent"", ""CaO_percent"", ""Na2O_percent"", ""K2O_percent"", ""P2O5_percent"", ""Loss_On_Ignition"", ""Cu_ppm"", ""Ni_ppm"", ""Co_ppm"", ""Zn_ppm"", ""V_ppm"", ""Sources_And_Methods"", ""Additional_Notes""]",/media/maxim/Elements/grants/2024/INSRU/pgdal/cartApollo2026/cartOrder/cartorder/ancillary/lr-cmp-148_specimenchemistry.csv,/media/maxim/Elements/grants/2024/INSRU/pgdal/cartApollo2026/cartOrder/cartorder/ancillary/lr-cmp-148_specimenchemistry.xml,af6497b041b8cd2cacdb5e5ddcb0138c132412f1a96ad32a694c326e17126a8b,16d9d782edfcbd4e5f631f121ba09a4630aeb46ca70d6fea003bca583ea7bcb3
lr-cmp-150_specimenchemistry,urn:nasa:pds:relab:data_ancillary_chemistry:lr-cmp-150_specimenchemistry,1.1,1,LR-CMP-150,ILM,Ilmenite,0.01,54.2,0.02,0.74,0,39.6,0.36,4.55,0.04,0,0,0,0,0,0,0,0,0,"PGI, Taylor et al.",,"[""Specimen_ID"", ""Phase_Abbreviation"", ""Phase"", ""SiO2_percent"", ""TiO2_percent"", ""Al2O3_percent"", ""Cr2O3_percent"", ""Fe2O3_percent"", ""x_FeO_percent"", ""MnO_percent"", ""MgO_percent"", ""CaO_percent"", ""Na2O_percent"", ""K2O_percent"", ""P2O5_percent"", ""Loss_On_Ignition"", ""Cu_ppm"", ""Ni_ppm"", ""Co_ppm"", ""Zn_ppm"", ""V_ppm"", ""Sources_And_Methods"", ""Additional_Notes""]",/media/maxim/Elements/grants/2024/INSRU/pgdal/cartApollo2026/cartOrder/cartorder/ancillary/lr-cmp-150_specimenchemistry.csv,/media/maxim/Elements/grants/2024/INSRU/pgdal/cartApollo2026/cartOrder/cartorder/ancillary/lr-cmp-150_specimenchemistry.xml,0a4658639823bd61af27a9fb40868b1cdb30130ae002c17409a585199860c2ca,69511a189eb11ab197fe21ea50c02e65d88e06420cf9a8caed2fcb48b76aeb7e
lr-cmp-151_specimenchemistry,urn:nasa:pds:relab:data_ancillary_chemistry:lr-cmp-151_specimenchemistry,1.1,1,LR-CMP-151,PLG,Plagioclase,44.1,0,35.3,0,0,0.12,0,0,19.2,0.49,0.03,0,0,0,0,0,0,0,"PGI, Taylor et al.",,"[""Specimen_ID"", ""Phase_Abbreviation"", ""Phase"", ""SiO2_percent"", ""TiO2_percent"", ""Al2O3_percent"", ""Cr2O3_percent"", ""Fe2O3_percent"", ""x_FeO_percent"", ""MnO_percent"", ""MgO_percent"", ""CaO_percent"", ""Na2O_percent"", ""K2O_percent"", ""P2O5_percent"", ""Loss_On_Ignition"", ""Cu_ppm"", ""Ni_ppm"", ""Co_ppm"", ""Zn_ppm"", ""V_ppm"", ""Sources_And_Methods"", ""Additional_Notes""]",/media/maxim/Elements/grants/2024/INSRU/pgdal/cartApollo2026/cartOrder/cartorder/ancillary/lr-cmp-151_specimenchemistry.csv,/media/maxim/Elements/grants/2024/INSRU/pgdal/cartApollo2026/cartOrder/cartorder/ancillary/lr-cmp-151_specimenchemistry.xml,bf87d5c393775c99ab8cf5cc43c58295382880276b50dcf921a090e9d8173bf9,835c43583413023ef68fa425d64c92b5d85bcf82159b01624680d273e8a05ae8
lr-cmp-152_specimenchemistry,urn:nasa:pds:relab:data_ancillary_chemistry:lr-cmp-152_specimenchemistry,1.1,1,LR-CMP-152,BULK,Bulk,47.81,1.77,8.87,0,0,19.97,0,9.07,10.32,0.28,0.03,0.08,0,0,0,0,0,0,"PGI, Taylor et al.",,"[""Specimen_ID"", ""Phase_Abbreviation"", ""Phase"", ""SiO2_percent"", ""TiO2_percent"", ""Al2O3_percent"", ""Cr2O3_percent"", ""Fe2O3_percent"", ""x_FeO_percent"", ""MnO_percent"", ""MgO_percent"", ""CaO_percent"", ""Na2O_percent"", ""K2O_percent"", ""P2O5_percent"", ""Loss_On_Ignition"", ""Cu_ppm"", ""Ni_ppm"", ""Co_ppm"", ""Zn_ppm"", ""V_ppm"", ""Sources_And_Methods"", ""Additional_Notes""]",/media/maxim/Elements/grants/2024/INSRU/pgdal/cartApollo2026/cartOrder/cartorder/ancillary/lr-cmp-152_specimenchemistry.csv,/media/maxim/Elements/grants/2024/INSRU/pgdal/cartApollo2026/cartOrder/cartorder/ancillary/lr-cmp-152_specimenchemistry.xml,cb3a6331939d4dde8a81d9e1f1737f8b2e4f15550252ad49023ed23f5d00f9c0,898b796711c9aac783f3211b796eb14e91bf9792f657853a8434958ddbbf4218
lr-cmp-154_specimenchemistry,urn:nasa:pds:relab:data_ancillary_chemistry:lr-cmp-154_specimenchemistry,1.1,1,LR-CMP-154,BULK,Bulk,44.24,2.26,8.48,0,0,22.47,0,11.19,9.45,0.24,0.03,0.06,0,0,0,0,0,0,"PGI, Taylor et al.",,"[""Specimen_ID"", ""Phase_Abbreviation"", ""Phase"", ""SiO2_percent"", ""TiO2_percent"", ""Al2O3_percent"", ""Cr2O3_percent"", ""Fe2O3_percent"", ""x_FeO_percent"", ""MnO_percent"", ""MgO_percent"", ""CaO_percent"", ""Na2O_percent"", ""K2O_percent"", ""P2O5_percent"", ""Loss_On_Ignition"", ""Cu_ppm"", ""Ni_ppm"", ""Co_ppm"", ""Zn_ppm"", ""V_ppm"", ""Sources_And_Methods"", ""Additional_Notes""]",/media/maxim/Elements/grants/2024/INSRU/pgdal/cartApollo2026/cartOrder/cartorder/ancillary/lr-cmp-154_specimenchemistry.csv,/media/maxim/Elements/grants/2024/INSRU/pgdal/cartApollo2026/cartOrder/cartorder/ancillary/lr-cmp-154_specimenchemistry.xml,bc6106b4a5ffcea7d35b63293631f291548f2a526b4a6d8b6853e510ea98b37d,af28dc0924354871849cc7b58e974296e918d49061be62c8e165b72cd06285e4
lr-cmp-156_specimenchemistry,urn:nasa:pds:relab:data_ancillary_chemistry:lr-cmp-156_specimenchemistry,1.1,1,LR-CMP-156,BULK,Bulk,38.37,12.83,8.78,0.58,0,18.71,0.25,9.41,10.43,0.43,0.05,0.05,0,0,0,0,0,0,"PGI, Taylor et al.",S: 0.175 %,"[""Specimen_ID"", ""Phase_Abbreviation"", ""Phase"", ""SiO2_percent"", ""TiO2_percent"", ""Al2O3_percent"", ""Cr2O3_percent"", ""Fe2O3_percent"", ""x_FeO_percent"", ""MnO_percent"", ""MgO_percent"", ""CaO_percent"", ""Na2O_percent"", ""K2O_percent"", ""P2O5_percent"", ""Loss_On_Ignition"", ""Cu_ppm"", ""Ni_ppm"", ""Co_ppm"", ""Zn_ppm"", ""V_ppm"", ""Sources_And_Methods"", ""Additional_Notes""]",/media/maxim/Elements/grants/2024/INSRU/pgdal/cartApollo2026/cartOrder/cartorder/ancillary/lr-cmp-156_specimenchemistry.csv,/media/maxim/Elements/grants/2024/INSRU/pgdal/cartApollo2026/cartOrder/cartorder/ancillary/lr-cmp-156_specimenchemistry.xml,f6abe79aadbb0252a85d90a777f619746d4a936590754f487ab0b9239c851977,5b86d50abc06ef002daf25492990fd502e3008179808546db75fb4a1889082b5
lr-cmp-158_specimenchemistry,urn:nasa:pds:relab:data_ancillary_chemistry:lr-cmp-158_specimenchemistry,1.1,1,LR-CMP-158,BULK,Bulk,37.84,12.97,8.85,0.61,0,18.46,0.28,9.89,10.07,0.35,0.06,0.05,0,0,0,0,0,0,"PGI, Taylor et al.",S: 0.15 %,"[""Specimen_ID"", ""Phase_Abbreviation"", ""Phase"", ""SiO2_percent"", ""TiO2_percent"", ""Al2O3_percent"", ""Cr2O3_percent"", ""Fe2O3_percent"", ""x_FeO_percent"", ""MnO_percent"", ""MgO_percent"", ""CaO_percent"", ""Na2O_percent"", ""K2O_percent"", ""P2O5_percent"", ""Loss_On_Ignition"", ""Cu_ppm"", ""Ni_ppm"", ""Co_ppm"", ""Zn_ppm"", ""V_ppm"", ""Sources_And_Methods"", ""Additional_Notes""]",/media/maxim/Elements/grants/2024/INSRU/pgdal/cartApollo2026/cartOrder/cartorder/ancillary/lr-cmp-158_specimenchemistry.csv,/media/maxim/Elements/grants/2024/INSRU/pgdal/cartApollo2026/cartOrder/cartorder/ancillary/lr-cmp-158_specimenchemistry.xml,b670a733242a050000c892a90193395abf13bb1255844227e29cfaa71c7c2f3b,9b7963d824d1242db6bc77a103bd53f7c341bd65dc3d411d1dcd7788e518e16a
lr-cmp-160_specimenchemistry,urn:nasa:pds:relab:data_ancillary_chemistry:lr-cmp-160_specimenchemistry,1.1,1,LR-CMP-160,AUG,Augite,48.3,1.15,1.52,0.29,0,25.4,0.38,11,10.8,0.03,0,0,0,0,0,0,0,0,"PGI, Taylor et al.",,"[""Specimen_ID"", ""Phase_Abbreviation"", ""Phase"", ""SiO2_percent"", ""TiO2_percent"", ""Al2O3_percent"", ""Cr2O3_percent"", ""Fe2O3_percent"", ""x_FeO_percent"", ""MnO_percent"", ""MgO_percent"", ""CaO_percent"", ""Na2O_percent"", ""K2O_percent"", ""P2O5_percent"", ""Loss_On_Ignition"", ""Cu_ppm"", ""Ni_ppm"", ""Co_ppm"", ""Zn_ppm"", ""V_ppm"", ""Sources_And_Methods"", ""Additional_Notes""]",/media/maxim/Elements/grants/2024/INSRU/pgdal/cartApollo2026/cartOrder/cartorder/ancillary/lr-cmp-160_specimenchemistry.csv,/media/maxim/Elements/grants/2024/INSRU/pgdal/cartApollo2026/cartOrder/cartorder/ancillary/lr-cmp-160_specimenchemistry.xml,fe3e128aaf0aa8095d49be527293dcd51dfb22dda63e79b497ac604907b5df27,877dc61f11065f2559f5dfcea7855063200b2d7775d961dce00b5820628174fe
lr-cmp-161_specimenchemistry,urn:nasa:pds:relab:data_ancillary_chemistry:lr-cmp-161_specimenchemistry,1.1,1,LR-CMP-161,AUG,Augite,51,0.61,1.35,0.55,0,20.3,0.35,18.3,6.8,0.03,0,0,0,0,0,0,0,0,"PGI, Taylor et al.",,"[""Specimen_ID"", ""Phase_Abbreviation"", ""Phase"", ""SiO2_percent"", ""TiO2_percent"", ""Al2O3_percent"", ""Cr2O3_percent"", ""Fe2O3_percent"", ""x_FeO_percent"", ""MnO_percent"", ""MgO_percent"", ""CaO_percent"", ""Na2O_percent"", ""K2O_percent"", ""P2O5_percent"", ""Loss_On_Ignition"", ""Cu_ppm"", ""Ni_ppm"", ""Co_ppm"", ""Zn_ppm"", ""V_ppm"", ""Sources_And_Methods"", ""Additional_Notes""]",/media/maxim/Elements/grants/2024/INSRU/pgdal/cartApollo2026/cartOrder/cartorder/ancillary/lr-cmp-161_specimenchemistry.csv,/media/maxim/Elements/grants/2024/INSRU/pgdal/cartApollo2026/cartOrder/cartorder/ancillary/lr-cmp-161_specimenchemistry.xml,349c3d068f840d0c8ad68e69ce7ed24fe0bc381437d8cfb495bcc0b5d5e507c4,a2a5d499bf5ffe89d7c718db0cff61c72b463ecf8efe562a31ea0d804631b527
lr-cmp-162_specimenchemistry,urn:nasa:pds:relab:data_ancillary_chemistry:lr-cmp-162_specimenchemistry,1.1,1,LR-CMP-162,OLV,Olivine,34.2,0,0.03,0.14,0,42,0.4,22.4,0.37,0,0,0,0,0,0,0,0,0,"PGI, Taylor et al.",,"[""Specimen_ID"", ""Phase_Abbreviation"", ""Phase"", ""SiO2_percent"", ""TiO2_percent"", ""Al2O3_percent"", ""Cr2O3_percent"", ""Fe2O3_percent"", ""x_FeO_percent"", ""MnO_percent"", ""MgO_percent"", ""CaO_percent"", ""Na2O_percent"", ""K2O_percent"", ""P2O5_percent"", ""Loss_On_Ignition"", ""Cu_ppm"", ""Ni_ppm"", ""Co_ppm"", ""Zn_ppm"", ""V_ppm"", ""Sources_And_Methods"", ""Additional_Notes""]",/media/maxim/Elements/grants/2024/INSRU/pgdal/cartApollo2026/cartOrder/cartorder/ancillary/lr-cmp-162_specimenchemistry.csv,/media/maxim/Elements/grants/2024/INSRU/pgdal/cartApollo2026/cartOrder/cartorder/ancillary/lr-cmp-162_specimenchemistry.xml,7b83f0733fa7b609e390470a634f5d5b005fd23e06f01a5b6e68bd4cba8e09d5,73c49e995d4758ded874b166bb19d49355a4d56dafba87f1e57913f95c05ffbc
lr-cmp-163_specimenchemistry,urn:nasa:pds:relab:data_ancillary_chemistry:lr-cmp-163_specimenchemistry,1.1,1,LR-CMP-163,PLG,Plagioclase,45.8,0,33.2,0,0,0.51,0,0.24,18.1,0.98,0.03,0,0,0,0,0,0,0,"PGI, Taylor et al.",,"[""Specimen_ID"", ""Phase_Abbreviation"", ""Phase"", ""SiO2_percent"", ""TiO2_percent"", ""Al2O3_percent"", ""Cr2O3_percent"", ""Fe2O3_percent"", ""x_FeO_percent"", ""MnO_percent"", ""MgO_percent"", ""CaO_percent"", ""Na2O_percent"", ""K2O_percent"", ""P2O5_percent"", ""Loss_On_Ignition"", ""Cu_ppm"", ""Ni_ppm"", ""Co_ppm"", ""Zn_ppm"", ""V_ppm"", ""Sources_And_Methods"", ""Additional_Notes""]",/media/maxim/Elements/grants/2024/INSRU/pgdal/cartApollo2026/cartOrder/cartorder/ancillary/lr-cmp-163_specimenchemistry.csv,/media/maxim/Elements/grants/2024/INSRU/pgdal/cartApollo2026/cartOrder/cartorder/ancillary/lr-cmp-163_specimenchemistry.xml,63d9e5b1de59963ad20372bc55026550ddb2b075e8497371da85a3e2556ea3c6,e460860221e7140431ce8e943e7e54d687a3f1914e09e4621103bc8eba5c1dc6
lr-cmp-164_specimenchemistry,urn:nasa:pds:relab:data_ancillary_chemistry:lr-cmp-164_specimenchemistry,1.1,1,LR-CMP-164,AUG,Augite,49.2,2.07,2.47,0.58,0,14.5,0.3,14.8,15.2,0.08,0,0,0,0,0,0,0,0,"PGI, Taylor et al.",,"[""Specimen_ID"", ""Phase_Abbreviation"", ""Phase"", ""SiO2_percent"", ""TiO2_percent"", ""Al2O3_percent"", ""Cr2O3_percent"", ""Fe2O3_percent"", ""x_FeO_percent"", ""MnO_percent"", ""MgO_percent"", ""CaO_percent"", ""Na2O_percent"", ""K2O_percent"", ""P2O5_percent"", ""Loss_On_Ignition"", ""Cu_ppm"", ""Ni_ppm"", ""Co_ppm"", ""Zn_ppm"", ""V_ppm"", ""Sources_And_Methods"", ""Additional_Notes""]",/media/maxim/Elements/grants/2024/INSRU/pgdal/cartApollo2026/cartOrder/cartorder/ancillary/lr-cmp-164_specimenchemistry.csv,/media/maxim/Elements/grants/2024/INSRU/pgdal/cartApollo2026/cartOrder/cartorder/ancillary/lr-cmp-164_specimenchemistry.xml,8999a327c0a428ca41886cdf17f35ad28133536c68d867c7865f4254f57f2bc1,46f7a61c3176273d36f92316c052140e7aba76e959dce970fe1022f91982dbb6
lr-cmp-165_specimenchemistry,urn:nasa:pds:relab:data_ancillary_chemistry:lr-cmp-165_specimenchemistry,1.1,1,LR-CMP-165,PIG,Pigeonite,51.2,1.07,1.2,0.36,0,20.1,0.37,19.7,6.17,0.03,0,0,0,0,0,0,0,0,"PGI, Taylor et al.",,"[""Specimen_ID"", ""Phase_Abbreviation"", ""Phase"", ""SiO2_percent"", ""TiO2_percent"", ""Al2O3_percent"", ""Cr2O3_percent"", ""Fe2O3_percent"", ""x_FeO_percent"", ""MnO_percent"", ""MgO_percent"", ""CaO_percent"", ""Na2O_percent"", ""K2O_percent"", ""P2O5_percent"", ""Loss_On_Ignition"", ""Cu_ppm"", ""Ni_ppm"", ""Co_ppm"", ""Zn_ppm"", ""V_ppm"", ""Sources_And_Methods"", ""Additional_Notes""]",/media/maxim/Elements/grants/2024/INSRU/pgdal/cartApollo2026/cartOrder/cartorder/ancillary/lr-cmp-165_specimenchemistry.csv,/media/maxim/Elements/grants/2024/INSRU/pgdal/cartApollo2026/cartOrder/cartorder/ancillary/lr-cmp-165_specimenchemistry.xml,922e1b17b553732055cbd43154bc19e7a36ff18b5fc1d233f72c85e1872f15c8,01760abeab2d6d39176445a06f7a990731e163f962502dd4fc076f1071a4ec28
lr-cmp-166_specimenchemistry,urn:nasa:pds:relab:data_ancillary_chemistry:lr-cmp-166_specimenchemistry,1.1,1,LR-CMP-166,PLG,Plagioclase,46.8,0,32.7,0,0,0.36,0,0.2,17.3,1.43,0.06,0,0,0,0,0,0,0,"PGI, Taylor et al.",,"[""Specimen_ID"", ""Phase_Abbreviation"", ""Phase"", ""SiO2_percent"", ""TiO2_percent"", ""Al2O3_percent"", ""Cr2O3_percent"", ""Fe2O3_percent"", ""x_FeO_percent"", ""MnO_percent"", ""MgO_percent"", ""CaO_percent"", ""Na2O_percent"", ""K2O_percent"", ""P2O5_percent"", ""Loss_On_Ignition"", ""Cu_ppm"", ""Ni_ppm"", ""Co_ppm"", ""Zn_ppm"", ""V_ppm"", ""Sources_And_Methods"", ""Additional_Notes""]",/media/maxim/Elements/grants/2024/INSRU/pgdal/cartApollo2026/cartOrder/cartorder/ancillary/lr-cmp-166_specimenchemistry.csv,/media/maxim/Elements/grants/2024/INSRU/pgdal/cartApollo2026/cartOrder/cartorder/ancillary/lr-cmp-166_specimenchemistry.xml,faa36bde2ed7847e0ad06e1c3fbeeca983e19fdade44311c422bc658af52b73a,f585726a638a19957cf4821af1188d7658086b226e8b5b582c64088bfd678194
lr-cmp-167_specimenchemistry,urn:nasa:pds:relab:data_ancillary_chemistry:lr-cmp-167_specimenchemistry,1.1,1,LR-CMP-167,ILM,Ilmenite,0.03,53.7,0.21,1.04,0,41.4,0.36,3.06,0.03,0,0,0,0,0,0,0,0,0,"PGI, Taylor et al.",,"[""Specimen_ID"", ""Phase_Abbreviation"", ""Phase"", ""SiO2_percent"", ""TiO2_percent"", ""Al2O3_percent"", ""Cr2O3_percent"", ""Fe2O3_percent"", ""x_FeO_percent"", ""MnO_percent"", ""MgO_percent"", ""CaO_percent"", ""Na2O_percent"", ""K2O_percent"", ""P2O5_percent"", ""Loss_On_Ignition"", ""Cu_ppm"", ""Ni_ppm"", ""Co_ppm"", ""Zn_ppm"", ""V_ppm"", ""Sources_And_Methods"", ""Additional_Notes""]",/media/maxim/Elements/grants/2024/INSRU/pgdal/cartApollo2026/cartOrder/cartorder/ancillary/lr-cmp-167_specimenchemistry.csv,/media/maxim/Elements/grants/2024/INSRU/pgdal/cartApollo2026/cartOrder/cartorder/ancillary/lr-cmp-167_specimenchemistry.xml,ba6bb6b3874576e8b717c37e43efc124f9bad420ef7461d696bdee6234780f50,f00a6f37d99955a72935c463272ecf84f04b4a5bc8775fd185e6997a612e8c4e
ls-cmp-004_specimenchemistry,urn:nasa:pds:relab:data_ancillary_chemistry:ls-cmp-004_specimenchemistry,1.1,1,LS-CMP-004,BULK,Bulk,42.88,0.05,20.73,0.11,0,4.99,0.07,19.09,11.41,0.23,0.03,0.03,0,0,0,0,0,0,"Edward W. Wolfe, et al, Geol. Invest. T-L Valley, USGS 1981.",Apollo 17 Metatroctolite #76535,"[""Specimen_ID"", ""Phase_Abbreviation"", ""Phase"", ""SiO2_percent"", ""TiO2_percent"", ""Al2O3_percent"", ""Cr2O3_percent"", ""Fe2O3_percent"", ""x_FeO_percent"", ""MnO_percent"", ""MgO_percent"", ""CaO_percent"", ""Na2O_percent"", ""K2O_percent"", ""P2O5_percent"", ""Loss_On_Ignition"", ""Cu_ppm"", ""Ni_ppm"", ""Co_ppm"", ""Zn_ppm"", ""V_ppm"", ""Sources_And_Methods"", ""Additional_Notes""]",/media/maxim/Elements/grants/2024/INSRU/pgdal/cartApollo2026/cartOrder/cartorder/ancillary/ls-cmp-004_specimenchemistry.csv,/media/maxim/Elements/grants/2024/INSRU/pgdal/cartApollo2026/cartOrder/cartorder/ancillary/ls-cmp-004_specimenchemistry.xml,85dd36847e370ca1495828ecd85f2f96dfef120a6952e1bd4ef87e9196ef83c7,237567361adce43ce5765f43ca228043535a9d2244c4f98ac87cae6e8cba73be
ls-cmp-005_specimenchemistry,urn:nasa:pds:relab:data_ancillary_chemistry:ls-cmp-005_specimenchemistry,1.1,1,LS-CMP-005,BULK,Bulk,39.93,0.03,1.53,0.34,0,11.34,0.13,43.61,1.14,0.02,0,0.04,0,0,0,0,0,0,"Edward W. Wolfe et al, Geol. Invest. T-L Valley, USGS, 1981",Apollo 17 Metadunite Cataclastite #72415,"[""Specimen_ID"", ""Phase_Abbreviation"", ""Phase"", ""SiO2_percent"", ""TiO2_percent"", ""Al2O3_percent"", ""Cr2O3_percent"", ""Fe2O3_percent"", ""x_FeO_percent"", ""MnO_percent"", ""MgO_percent"", ""CaO_percent"", ""Na2O_percent"", ""K2O_percent"", ""P2O5_percent"", ""Loss_On_Ignition"", ""Cu_ppm"", ""Ni_ppm"", ""Co_ppm"", ""Zn_ppm"", ""V_ppm"", ""Sources_And_Methods"", ""Additional_Notes""]",/media/maxim/Elements/grants/2024/INSRU/pgdal/cartApollo2026/cartOrder/cartorder/ancillary/ls-cmp-005_specimenchemistry.csv,/media/maxim/Elements/grants/2024/INSRU/pgdal/cartApollo2026/cartOrder/cartorder/ancillary/ls-cmp-005_specimenchemistry.xml,a5bc71a5b628aad91f14378d6bb1ef2d3eca351ebefecea185ab0404d54e66ea,406f9b4a4243b8f91556b6ce963b75ab4c24fae3aea69c1cd95dfb5487e6f79a
ls-cmp-007_specimenchemistry,urn:nasa:pds:relab:data_ancillary_chemistry:ls-cmp-007_specimenchemistry,1.1,1,LS-CMP-007,BULK,Bulk,45.3,0.35,26.3,0.1,0,5.3,0.06,6.7,14.9,0.46,0.14,0.19,0,7.8,795,49,13,0,"HJ Rose, et al, Proc.Lunar Sci.Conf.6th,1975,p1363",Matrix chemistry of Apollo 16 Reg. Breccia #60019,"[""Specimen_ID"", ""Phase_Abbreviation"", ""Phase"", ""SiO2_percent"", ""TiO2_percent"", ""Al2O3_percent"", ""Cr2O3_percent"", ""Fe2O3_percent"", ""x_FeO_percent"", ""MnO_percent"", ""MgO_percent"", ""CaO_percent"", ""Na2O_percent"", ""K2O_percent"", ""P2O5_percent"", ""Loss_On_Ignition"", ""Cu_ppm"", ""Ni_ppm"", ""Co_ppm"", ""Zn_ppm"", ""V_ppm"", ""Sources_And_Methods"", ""Additional_Notes""]",/media/maxim/Elements/grants/2024/INSRU/pgdal/cartApollo2026/cartOrder/cartorder/ancillary/ls-cmp-007_specimenchemistry.csv,/media/maxim/Elements/grants/2024/INSRU/pgdal/cartApollo2026/cartOrder/cartorder/ancillary/ls-cmp-007_specimenchemistry.xml,c411ea145363af98707a78cb0e3418f84236bb5800d5e11965bf37bf55486176,88c20ebb921052c85626d0d3649f2e89cdcd67a856059b305abcfa8cf11b947a
ls-cmp-011_specimenchemistry,urn:nasa:pds:relab:data_ancillary_chemistry:ls-cmp-011_specimenchemistry,1.1,1,LS-CMP-011,ANO,Anorthite,44.08,0.02,35.49,0,0,0.23,0,0.09,19.68,0.34,0.01,0.01,0,0,0,0,0,0,"Ryder, Graham. Catalog of Apollo 15 Rocks. Houston: NASA, 1985.","Pristine Lunar Anorthosite #15415,123","[""Specimen_ID"", ""Phase_Abbreviation"", ""Phase"", ""SiO2_percent"", ""TiO2_percent"", ""Al2O3_percent"", ""Cr2O3_percent"", ""Fe2O3_percent"", ""x_FeO_percent"", ""MnO_percent"", ""MgO_percent"", ""CaO_percent"", ""Na2O_percent"", ""K2O_percent"", ""P2O5_percent"", ""Loss_On_Ignition"", ""Cu_ppm"", ""Ni_ppm"", ""Co_ppm"", ""Zn_ppm"", ""V_ppm"", ""Sources_And_Methods"", ""Additional_Notes""]",/media/maxim/Elements/grants/2024/INSRU/pgdal/cartApollo2026/cartOrder/cartorder/ancillary/ls-cmp-011_specimenchemistry.csv,/media/maxim/Elements/grants/2024/INSRU/pgdal/cartApollo2026/cartOrder/cartorder/ancillary/ls-cmp-011_specimenchemistry.xml,2c2c52e77c6e454c2a049524d0bfde44a337e7791373e2d1348f2b9b5ff39dc6,5b224292868112268a8a260af873803525fc6782e012d67da2af54cdb931e5ad
ls-cmp-012_specimenchemistry,urn:nasa:pds:relab:data_ancillary_chemistry:ls-cmp-012_specimenchemistry,1.1,1,LS-CMP-012,PYX,Pyroxene,53.9,0.32,3.44,0.52,0,11.16,0.2,27.52,3.26,0.05,0.01,0.04,0,0,0,0,0,0,"Wolfe, Edward W., et al, 1981.","Pyroxene of Apollo 17 Norite #78235,34","[""Specimen_ID"", ""Phase_Abbreviation"", ""Phase"", ""SiO2_percent"", ""TiO2_percent"", ""Al2O3_percent"", ""Cr2O3_percent"", ""Fe2O3_percent"", ""x_FeO_percent"", ""MnO_percent"", ""MgO_percent"", ""CaO_percent"", ""Na2O_percent"", ""K2O_percent"", ""P2O5_percent"", ""Loss_On_Ignition"", ""Cu_ppm"", ""Ni_ppm"", ""Co_ppm"", ""Zn_ppm"", ""V_ppm"", ""Sources_And_Methods"", ""Additional_Notes""]",/media/maxim/Elements/grants/2024/INSRU/pgdal/cartApollo2026/cartOrder/cartorder/ancillary/ls-cmp-012_specimenchemistry.csv,/media/maxim/Elements/grants/2024/INSRU/pgdal/cartApollo2026/cartOrder/cartorder/ancillary/ls-cmp-012_specimenchemistry.xml,edb73b083c6b6dd24bf84357a34dabad0cba7cac312ec3e7ef1170d61e697c79,bcdbb26485ab2bb5ee9c9fd9fc5b7728a788a99540ec06d2a6c44b6e67ff310e
ls-cmp-016-r1_specimenchemistry,urn:nasa:pds:relab:data_ancillary_chemistry:ls-cmp-016-r1_specimenchemistry,1.1,1,LS-CMP-016-R1,BULK,Bulk,45,0.54,25.2,0.13,0,4.8,0.04,7,13.2,0.43,0.2,0,0,0,0,0,0,0,"Pieters & Taylor, Proc.Lunar Planet.Sci.Conf. 19th, pp115-125","Spot R1 of Apollo 16 regolith breccia chip 60019,215","[""Specimen_ID"", ""Phase_Abbreviation"", ""Phase"", ""SiO2_percent"", ""TiO2_percent"", ""Al2O3_percent"", ""Cr2O3_percent"", ""Fe2O3_percent"", ""x_FeO_percent"", ""MnO_percent"", ""MgO_percent"", ""CaO_percent"", ""Na2O_percent"", ""K2O_percent"", ""P2O5_percent"", ""Loss_On_Ignition"", ""Cu_ppm"", ""Ni_ppm"", ""Co_ppm"", ""Zn_ppm"", ""V_ppm"", ""Sources_And_Methods"", ""Additional_Notes""]",/media/maxim/Elements/grants/2024/INSRU/pgdal/cartApollo2026/cartOrder/cartorder/ancillary/ls-cmp-016-r1_specimenchemistry.csv,/media/maxim/Elements/grants/2024/INSRU/pgdal/cartApollo2026/cartOrder/cartorder/ancillary/ls-cmp-016-r1_specimenchemistry.xml,b02832c8b32930852729bcee4eac5bd6b92a17e5bb43662c5080fe4e242f1f18,1de0dd08c1c0da85c0f2d6103c23fc5b715307cc5d80c67aac08706c78090a57
ls-cmp-016-r2_specimenchemistry,urn:nasa:pds:relab:data_ancillary_chemistry:ls-cmp-016-r2_specimenchemistry,1.1,1,LS-CMP-016-R2,BULK,Bulk,45,0.69,27.7,0.11,0,4.1,0.03,4.8,14.4,0.33,0.1,0,0,0,0,0,0,0,"Pieters & Taylor, Proc. Lunar Planet. Sci. Conf. 19th, pp115-125","Spot R2 of Apollo 16 regolith breccia chip 60019,215","[""Specimen_ID"", ""Phase_Abbreviation"", ""Phase"", ""SiO2_percent"", ""TiO2_percent"", ""Al2O3_percent"", ""Cr2O3_percent"", ""Fe2O3_percent"", ""x_FeO_percent"", ""MnO_percent"", ""MgO_percent"", ""CaO_percent"", ""Na2O_percent"", ""K2O_percent"", ""P2O5_percent"", ""Loss_On_Ignition"", ""Cu_ppm"", ""Ni_ppm"", ""Co_ppm"", ""Zn_ppm"", ""V_ppm"", ""Sources_And_Methods"", ""Additional_Notes""]",/media/maxim/Elements/grants/2024/INSRU/pgdal/cartApollo2026/cartOrder/cartorder/ancillary/ls-cmp-016-r2_specimenchemistry.csv,/media/maxim/Elements/grants/2024/INSRU/pgdal/cartApollo2026/cartOrder/cartorder/ancillary/ls-cmp-016-r2_specimenchemistry.xml,63301290fdab151eb4145fe9c8fe85bb7718bb346132ce961e8cdd23324a01fe,3d3af266aac0ff57f6ffddca87af555351e585f54e9c83af224d25836e5cc521
ls-cmp-016-r3_specimenchemistry,urn:nasa:pds:relab:data_ancillary_chemistry:ls-cmp-016-r3_specimenchemistry,1.1,1,LS-CMP-016-R3,BULK,Bulk,43.5,0.4,28.7,0.09,0,3.2,0.03,4.1,15.4,0.44,0.12,0,0,0,0,0,0,0,"Pieters & Taylor, Proc.LunarPlanet.Sci.Conf. 19th, pp115-125","Clast R3 of Apollo 16 regolith breccia 60019,215","[""Specimen_ID"", ""Phase_Abbreviation"", ""Phase"", ""SiO2_percent"", ""TiO2_percent"", ""Al2O3_percent"", ""Cr2O3_percent"", ""Fe2O3_percent"", ""x_FeO_percent"", ""MnO_percent"", ""MgO_percent"", ""CaO_percent"", ""Na2O_percent"", ""K2O_percent"", ""P2O5_percent"", ""Loss_On_Ignition"", ""Cu_ppm"", ""Ni_ppm"", ""Co_ppm"", ""Zn_ppm"", ""V_ppm"", ""Sources_And_Methods"", ""Additional_Notes""]",/media/maxim/Elements/grants/2024/INSRU/pgdal/cartApollo2026/cartOrder/cartorder/ancillary/ls-cmp-016-r3_specimenchemistry.csv,/media/maxim/Elements/grants/2024/INSRU/pgdal/cartApollo2026/cartOrder/cartorder/ancillary/ls-cmp-016-r3_specimenchemistry.xml,1fae1dac12588d9cb3cc29487e6eea23201fc83220c6979ca7eb0b04792b4206,14b3e968ce61ff227fd9a830264406fca47a5cb3fecc0707c8c1fca9d6035dc0
ls-cmp-016-s3_specimenchemistry,urn:nasa:pds:relab:data_ancillary_chemistry:ls-cmp-016-s3_specimenchemistry,1.1,1,LS-CMP-016-S3,BULK,Bulk,45.2,0.72,25,0.13,0,5.3,0.04,7.7,13.7,0.51,0.2,0,0,0,0,0,0,0,"Pieters & Taylor, Proc.Lunar Planet.Sci.Conf. 19th, pp115-125","Matrix area S3 of Apollo 16 regolith breccia chip 60019,215","[""Specimen_ID"", ""Phase_Abbreviation"", ""Phase"", ""SiO2_percent"", ""TiO2_percent"", ""Al2O3_percent"", ""Cr2O3_percent"", ""Fe2O3_percent"", ""x_FeO_percent"", ""MnO_percent"", ""MgO_percent"", ""CaO_percent"", ""Na2O_percent"", ""K2O_percent"", ""P2O5_percent"", ""Loss_On_Ignition"", ""Cu_ppm"", ""Ni_ppm"", ""Co_ppm"", ""Zn_ppm"", ""V_ppm"", ""Sources_And_Methods"", ""Additional_Notes""]",/media/maxim/Elements/grants/2024/INSRU/pgdal/cartApollo2026/cartOrder/cartorder/ancillary/ls-cmp-016-s3_specimenchemistry.csv,/media/maxim/Elements/grants/2024/INSRU/pgdal/cartApollo2026/cartOrder/cartorder/ancillary/ls-cmp-016-s3_specimenchemistry.xml,6dcdf8f0aaf5944845946a9666b86fb9fdd6cade6e7514056fe44d8c6675f874,01c8db919f6aab1943c8330e008e96fef814ed4a4449955f476d3f8f1c8492c7
ls-cmp-018_specimenchemistry,urn:nasa:pds:relab:data_ancillary_chemistry:ls-cmp-018_specimenchemistry,1.1,1,LS-CMP-018,BULK,Bulk,52.7,1.48,18,0.14,0,6.9,0.12,3.45,11.9,0.79,2.3,0,0,0,54,19.4,0,0,"Microprobe fused bead / INAA at JSC by Graham Ryder, LPI.","Sm 33.0 ppm, Sc 23.1 ppm.","[""Specimen_ID"", ""Phase_Abbreviation"", ""Phase"", ""SiO2_percent"", ""TiO2_percent"", ""Al2O3_percent"", ""Cr2O3_percent"", ""Fe2O3_percent"", ""x_FeO_percent"", ""MnO_percent"", ""MgO_percent"", ""CaO_percent"", ""Na2O_percent"", ""K2O_percent"", ""P2O5_percent"", ""Loss_On_Ignition"", ""Cu_ppm"", ""Ni_ppm"", ""Co_ppm"", ""Zn_ppm"", ""V_ppm"", ""Sources_And_Methods"", ""Additional_Notes""]",/media/maxim/Elements/grants/2024/INSRU/pgdal/cartApollo2026/cartOrder/cartorder/ancillary/ls-cmp-018_specimenchemistry.csv,/media/maxim/Elements/grants/2024/INSRU/pgdal/cartApollo2026/cartOrder/cartorder/ancillary/ls-cmp-018_specimenchemistry.xml,5b98d7adfac746e0aaa803548e6fba6b35236fcdec1220fcbe97da7fc16ba61a,7025b3c734f539f834656d5f7a3aafc923f0da1fce8be2bbcd95626c6b1dae44
ls-cmp-028_specimenchemistry,urn:nasa:pds:relab:data_ancillary_chemistry:ls-cmp-028_specimenchemistry,1.1,1,LS-CMP-028,BULK,Bulk,45.6,1.47,18.5,0.18,0,8.2,0.12,11.9,11.1,0.65,0.26,0,0,0,153,17.7,0,0,"Microprobe fused bead / INAA at JSC by Graham Ryder, LPI.","Sm 14.8 ppm, Sc 16.0 ppm.","[""Specimen_ID"", ""Phase_Abbreviation"", ""Phase"", ""SiO2_percent"", ""TiO2_percent"", ""Al2O3_percent"", ""Cr2O3_percent"", ""Fe2O3_percent"", ""x_FeO_percent"", ""MnO_percent"", ""MgO_percent"", ""CaO_percent"", ""Na2O_percent"", ""K2O_percent"", ""P2O5_percent"", ""Loss_On_Ignition"", ""Cu_ppm"", ""Ni_ppm"", ""Co_ppm"", ""Zn_ppm"", ""V_ppm"", ""Sources_And_Methods"", ""Additional_Notes""]",/media/maxim/Elements/grants/2024/INSRU/pgdal/cartApollo2026/cartOrder/cartorder/ancillary/ls-cmp-028_specimenchemistry.csv,/media/maxim/Elements/grants/2024/INSRU/pgdal/cartApollo2026/cartOrder/cartorder/ancillary/ls-cmp-028_specimenchemistry.xml,57769c2b976bd1dd61438d6d7bd61aec33b0c7be0f5439594aa93cfb0ab4eef9,0a361d51ff2348d2185626dc9ddf27c37ca3b7d20f464ed286cd96f2d0374688
ls-cmp-029_specimenchemistry,urn:nasa:pds:relab:data_ancillary_chemistry:ls-cmp-029_specimenchemistry,1.1,1,LS-CMP-029,BULK,Bulk,46.1,1.69,17.9,0.2,0,8.8,0.12,10.9,10.9,0.61,0.34,0,0,0,0,28.5,0,0,"Microprobe fused bead / INAA at JSC by Graham Ryder, LPI.","Sm 18.5 ppm, Sc 17.7 ppm.","[""Specimen_ID"", ""Phase_Abbreviation"", ""Phase"", ""SiO2_percent"", ""TiO2_percent"", ""Al2O3_percent"", ""Cr2O3_percent"", ""Fe2O3_percent"", ""x_FeO_percent"", ""MnO_percent"", ""MgO_percent"", ""CaO_percent"", ""Na2O_percent"", ""K2O_percent"", ""P2O5_percent"", ""Loss_On_Ignition"", ""Cu_ppm"", ""Ni_ppm"", ""Co_ppm"", ""Zn_ppm"", ""V_ppm"", ""Sources_And_Methods"", ""Additional_Notes""]",/media/maxim/Elements/grants/2024/INSRU/pgdal/cartApollo2026/cartOrder/cartorder/ancillary/ls-cmp-029_specimenchemistry.csv,/media/maxim/Elements/grants/2024/INSRU/pgdal/cartApollo2026/cartOrder/cartorder/ancillary/ls-cmp-029_specimenchemistry.xml,88a763e2a9063f97dfe4e88b8ffeb28486289363d660ced70c0c203199114c0d,b584fd48fc6d8d838f256b0d273a3070236987f51c3a29e14f9b1820efd9cd38
ls-cmp-030_specimenchemistry,urn:nasa:pds:relab:data_ancillary_chemistry:ls-cmp-030_specimenchemistry,1.1,1,LS-CMP-030,BULK,Bulk,0,0,26.5,0,0,5.6,0,6.4,14.5,0.44,0,0,0,0,0,35.3,0,0,"Morris et al, 1983. Handbook of Lunar Soils, p. 490",Apollo 16 Soil #62230,"[""Specimen_ID"", ""Phase_Abbreviation"", ""Phase"", ""SiO2_percent"", ""TiO2_percent"", ""Al2O3_percent"", ""Cr2O3_percent"", ""Fe2O3_percent"", ""x_FeO_percent"", ""MnO_percent"", ""MgO_percent"", ""CaO_percent"", ""Na2O_percent"", ""K2O_percent"", ""P2O5_percent"", ""Loss_On_Ignition"", ""Cu_ppm"", ""Ni_ppm"", ""Co_ppm"", ""Zn_ppm"", ""V_ppm"", ""Sources_And_Methods"", ""Additional_Notes""]",/media/maxim/Elements/grants/2024/INSRU/pgdal/cartApollo2026/cartOrder/cartorder/ancillary/ls-cmp-030_specimenchemistry.csv,/media/maxim/Elements/grants/2024/INSRU/pgdal/cartApollo2026/cartOrder/cartorder/ancillary/ls-cmp-030_specimenchemistry.xml,80b080f62722944d67325327e5b57671a7a600b796bb688e9f7d80681fbdf6aa,b0181202b88bd909210916d936c0fc651e1084278806561a4acf2372d0c3e577
ls-cmp-034_specimenchemistry,urn:nasa:pds:relab:data_ancillary_chemistry:ls-cmp-034_specimenchemistry,1.1,1,LS-CMP-034,BULK,Bulk,43.56,2.6,7.87,0.96,0,21.66,0.28,14.88,8.26,0.23,0.05,0.11,0,4.6,63.9,65.8,1.5,175,"Lofgren & Lofgren, 1981. Lunar and Plan. Contrib. 438, p.58.",Apollo 12 Mare Basalt Sample #12002,"[""Specimen_ID"", ""Phase_Abbreviation"", ""Phase"", ""SiO2_percent"", ""TiO2_percent"", ""Al2O3_percent"", ""Cr2O3_percent"", ""Fe2O3_percent"", ""x_FeO_percent"", ""MnO_percent"", ""MgO_percent"", ""CaO_percent"", ""Na2O_percent"", ""K2O_percent"", ""P2O5_percent"", ""Loss_On_Ignition"", ""Cu_ppm"", ""Ni_ppm"", ""Co_ppm"", ""Zn_ppm"", ""V_ppm"", ""Sources_And_Methods"", ""Additional_Notes""]",/media/maxim/Elements/grants/2024/INSRU/pgdal/cartApollo2026/cartOrder/cartorder/ancillary/ls-cmp-034_specimenchemistry.csv,/media/maxim/Elements/grants/2024/INSRU/pgdal/cartApollo2026/cartOrder/cartorder/ancillary/ls-cmp-034_specimenchemistry.xml,ba9350ee2a86aee54bb96c0ef110135721b1bf98b7661f6a9f7830d7b1e5c36d,815a98388cd07e4b9a28352fa494fd3c32f3249e71921d0f5041be9afe7755bd
ls-cmp-035_specimenchemistry,urn:nasa:pds:relab:data_ancillary_chemistry:ls-cmp-035_specimenchemistry,1.1,1,LS-CMP-035,BULK,Bulk,46,1.52,17.9,0.19,0,9,0.12,13,10.8,0.62,0.27,0,0,0,250,28.5,0,0,"Microprobe fused bead / INAA at JSC by Graham Ryder, LPI.","Sm 14.4 ppm, Sc 15.7 ppm.","[""Specimen_ID"", ""Phase_Abbreviation"", ""Phase"", ""SiO2_percent"", ""TiO2_percent"", ""Al2O3_percent"", ""Cr2O3_percent"", ""Fe2O3_percent"", ""x_FeO_percent"", ""MnO_percent"", ""MgO_percent"", ""CaO_percent"", ""Na2O_percent"", ""K2O_percent"", ""P2O5_percent"", ""Loss_On_Ignition"", ""Cu_ppm"", ""Ni_ppm"", ""Co_ppm"", ""Zn_ppm"", ""V_ppm"", ""Sources_And_Methods"", ""Additional_Notes""]",/media/maxim/Elements/grants/2024/INSRU/pgdal/cartApollo2026/cartOrder/cartorder/ancillary/ls-cmp-035_specimenchemistry.csv,/media/maxim/Elements/grants/2024/INSRU/pgdal/cartApollo2026/cartOrder/cartorder/ancillary/ls-cmp-035_specimenchemistry.xml,a126690eb8cb7fb93de6ad862aee167a84a6aa3e5647b1c20d1156fba47554df,ce9696068bec2ea724431ffe78181bd76d9868c2b119c47bd6920aa80e8b1f63
ls-cmp-039_specimenchemistry,urn:nasa:pds:relab:data_ancillary_chemistry:ls-cmp-039_specimenchemistry,1.1,1,LS-CMP-039,BULK,Bulk,0,1.4,16.1,0.36,0,12.09,0.16,0,11.89,0.45,0,0,0,0,250,42,0,0,"Morris, et al, 1983. Handbook of Lunar Soils, Part 1, p. 346.",Apollo 15 sample # 15261 from Station 6.,"[""Specimen_ID"", ""Phase_Abbreviation"", ""Phase"", ""SiO2_percent"", ""TiO2_percent"", ""Al2O3_percent"", ""Cr2O3_percent"", ""Fe2O3_percent"", ""x_FeO_percent"", ""MnO_percent"", ""MgO_percent"", ""CaO_percent"", ""Na2O_percent"", ""K2O_percent"", ""P2O5_percent"", ""Loss_On_Ignition"", ""Cu_ppm"", ""Ni_ppm"", ""Co_ppm"", ""Zn_ppm"", ""V_ppm"", ""Sources_And_Methods"", ""Additional_Notes""]",/media/maxim/Elements/grants/2024/INSRU/pgdal/cartApollo2026/cartOrder/cartorder/ancillary/ls-cmp-039_specimenchemistry.csv,/media/maxim/Elements/grants/2024/INSRU/pgdal/cartApollo2026/cartOrder/cartorder/ancillary/ls-cmp-039_specimenchemistry.xml,8b9d7633f0f19fcff86cea43900987cd3ae6bcb07720b590e8f9a25b7d2bbe61,998cf61540bf06dc169e2affc5fe2a3176b6e115d9b2eca7757c043416d3e802
ls-cmp-039_specimenchemistry,urn:nasa:pds:relab:data_ancillary_chemistry:ls-cmp-039_specimenchemistry,1.1,2,LS-CMP-039,BULK,Bulk,45.5,1.64,17.8,0.2,0,8.5,0.12,12.2,10.7,0.61,0.25,0,0,0,213,22.3,0,0,"Microprobe fused bead / INAA at JSC by Graham Ryder, LPI.","Sm 15.4 ppm, Sc 17.6 ppm","[""Specimen_ID"", ""Phase_Abbreviation"", ""Phase"", ""SiO2_percent"", ""TiO2_percent"", ""Al2O3_percent"", ""Cr2O3_percent"", ""Fe2O3_percent"", ""x_FeO_percent"", ""MnO_percent"", ""MgO_percent"", ""CaO_percent"", ""Na2O_percent"", ""K2O_percent"", ""P2O5_percent"", ""Loss_On_Ignition"", ""Cu_ppm"", ""Ni_ppm"", ""Co_ppm"", ""Zn_ppm"", ""V_ppm"", ""Sources_And_Methods"", ""Additional_Notes""]",/media/maxim/Elements/grants/2024/INSRU/pgdal/cartApollo2026/cartOrder/cartorder/ancillary/ls-cmp-039_specimenchemistry.csv,/media/maxim/Elements/grants/2024/INSRU/pgdal/cartApollo2026/cartOrder/cartorder/ancillary/ls-cmp-039_specimenchemistry.xml,8b9d7633f0f19fcff86cea43900987cd3ae6bcb07720b590e8f9a25b7d2bbe61,998cf61540bf06dc169e2affc5fe2a3176b6e115d9b2eca7757c043416d3e802
ls-cmp-050_specimenchemistry,urn:nasa:pds:relab:data_ancillary_chemistry:ls-cmp-050_specimenchemistry,1.1,1,LS-CMP-050,BULK,Bulk,0,0.98,8.75,0,0,7.9,0,0,0,0,0,0,0,0,0,31,0,0,"Morris et al., 1983. Handbook of Lunar Soils, Part 1, p. 194.",Apollo 14 soil #14141 from Station C.,"[""Specimen_ID"", ""Phase_Abbreviation"", ""Phase"", ""SiO2_percent"", ""TiO2_percent"", ""Al2O3_percent"", ""Cr2O3_percent"", ""Fe2O3_percent"", ""x_FeO_percent"", ""MnO_percent"", ""MgO_percent"", ""CaO_percent"", ""Na2O_percent"", ""K2O_percent"", ""P2O5_percent"", ""Loss_On_Ignition"", ""Cu_ppm"", ""Ni_ppm"", ""Co_ppm"", ""Zn_ppm"", ""V_ppm"", ""Sources_And_Methods"", ""Additional_Notes""]",/media/maxim/Elements/grants/2024/INSRU/pgdal/cartApollo2026/cartOrder/cartorder/ancillary/ls-cmp-050_specimenchemistry.csv,/media/maxim/Elements/grants/2024/INSRU/pgdal/cartApollo2026/cartOrder/cartorder/ancillary/ls-cmp-050_specimenchemistry.xml,b7aa9243ea97cc5fd911d4e7904189eb47ce4dc52c04279f880c27df04cbb753,d82fcd26bf3199c77586443ece6bab1ba7f976e51ea980cde4b7e1f600b4a869
ls-cmp-051_specimenchemistry,urn:nasa:pds:relab:data_ancillary_chemistry:ls-cmp-051_specimenchemistry,1.1,1,LS-CMP-051,BULK,Bulk,41.67,6.52,13.57,0.42,0,15.37,0.21,10.22,11.18,0.34,0.09,0.06,0,0,0,0,0,0,"Morris et al., 1983. Handbook of Lunar Soils, Part 2, p. 898",Apollo 17 soil #79221 from Station 9.,"[""Specimen_ID"", ""Phase_Abbreviation"", ""Phase"", ""SiO2_percent"", ""TiO2_percent"", ""Al2O3_percent"", ""Cr2O3_percent"", ""Fe2O3_percent"", ""x_FeO_percent"", ""MnO_percent"", ""MgO_percent"", ""CaO_percent"", ""Na2O_percent"", ""K2O_percent"", ""P2O5_percent"", ""Loss_On_Ignition"", ""Cu_ppm"", ""Ni_ppm"", ""Co_ppm"", ""Zn_ppm"", ""V_ppm"", ""Sources_And_Methods"", ""Additional_Notes""]",/media/maxim/Elements/grants/2024/INSRU/pgdal/cartApollo2026/cartOrder/cartorder/ancillary/ls-cmp-051_specimenchemistry.csv,/media/maxim/Elements/grants/2024/INSRU/pgdal/cartApollo2026/cartOrder/cartorder/ancillary/ls-cmp-051_specimenchemistry.xml,93eda86dd24306416daff3b39872302cdb6d26e5a38ae8f83c2ba8faf535d7b8,14c58965d079207b5a257c07eb5aa6def6ed3e3a0949078c059b3f3b11219890
ls-cmp-052_specimenchemistry,urn:nasa:pds:relab:data_ancillary_chemistry:ls-cmp-052_specimenchemistry,1.1,1,LS-CMP-052,BULK,Bulk,42.31,8.95,10.3,0.21,0,18.57,0.26,6.28,12.15,0.53,0.06,0.08,0,2,2,16.6,2,19,"Lofgren and Lofgren, 1981. Catalog of Lunar Mare Basalts, p. 362.",Apollo 17 rock #75035,"[""Specimen_ID"", ""Phase_Abbreviation"", ""Phase"", ""SiO2_percent"", ""TiO2_percent"", ""Al2O3_percent"", ""Cr2O3_percent"", ""Fe2O3_percent"", ""x_FeO_percent"", ""MnO_percent"", ""MgO_percent"", ""CaO_percent"", ""Na2O_percent"", ""K2O_percent"", ""P2O5_percent"", ""Loss_On_Ignition"", ""Cu_ppm"", ""Ni_ppm"", ""Co_ppm"", ""Zn_ppm"", ""V_ppm"", ""Sources_And_Methods"", ""Additional_Notes""]",/media/maxim/Elements/grants/2024/INSRU/pgdal/cartApollo2026/cartOrder/cartorder/ancillary/ls-cmp-052_specimenchemistry.csv,/media/maxim/Elements/grants/2024/INSRU/pgdal/cartApollo2026/cartOrder/cartorder/ancillary/ls-cmp-052_specimenchemistry.xml,f870734315336465acf208543cd29823a97435f2e17778d0cd83854997387fa1,43be880fe031da4072d77ebd234b25ac427902ced83d95d8e63b37697b9f9348
ls-cmp-053_specimenchemistry,urn:nasa:pds:relab:data_ancillary_chemistry:ls-cmp-053_specimenchemistry,1.1,1,LS-CMP-053,BULK,Bulk,39.82,9.52,11.13,0.46,0,17.41,0.25,9.51,10.85,0.32,0.07,0.06,0,0,90,33.1,0,0,"Morris et al., 1983. Handbook of Lunar Soils, Part 2, p. 696.",Apollo 17 soil #71501 from Station 1.,"[""Specimen_ID"", ""Phase_Abbreviation"", ""Phase"", ""SiO2_percent"", ""TiO2_percent"", ""Al2O3_percent"", ""Cr2O3_percent"", ""Fe2O3_percent"", ""x_FeO_percent"", ""MnO_percent"", ""MgO_percent"", ""CaO_percent"", ""Na2O_percent"", ""K2O_percent"", ""P2O5_percent"", ""Loss_On_Ignition"", ""Cu_ppm"", ""Ni_ppm"", ""Co_ppm"", ""Zn_ppm"", ""V_ppm"", ""Sources_And_Methods"", ""Additional_Notes""]",/media/maxim/Elements/grants/2024/INSRU/pgdal/cartApollo2026/cartOrder/cartorder/ancillary/ls-cmp-053_specimenchemistry.csv,/media/maxim/Elements/grants/2024/INSRU/pgdal/cartApollo2026/cartOrder/cartorder/ancillary/ls-cmp-053_specimenchemistry.xml,4f555baec9722c3c3fc3fbc1ff6886084ee5682c8935b227a8d6fc06c661a0a5,a4bd69fd122c2c4786e9660c260f9c162a7eca8b43dd1edf56d4f53d098cac97
ls-cmp-054_specimenchemistry,urn:nasa:pds:relab:data_ancillary_chemistry:ls-cmp-054_specimenchemistry,1.1,1,LS-CMP-054,BULK,Bulk,48.5,1.71,17.38,0,0,10.55,0.13,9.66,10.4,0.71,0.53,0.5,0,0,0,34.4,0,44,"Morris et al., 1983. Handbook of Lunar Soils, Part 1, p. 200.",Apollo 14 soil #14148 from Station G.,"[""Specimen_ID"", ""Phase_Abbreviation"", ""Phase"", ""SiO2_percent"", ""TiO2_percent"", ""Al2O3_percent"", ""Cr2O3_percent"", ""Fe2O3_percent"", ""x_FeO_percent"", ""MnO_percent"", ""MgO_percent"", ""CaO_percent"", ""Na2O_percent"", ""K2O_percent"", ""P2O5_percent"", ""Loss_On_Ignition"", ""Cu_ppm"", ""Ni_ppm"", ""Co_ppm"", ""Zn_ppm"", ""V_ppm"", ""Sources_And_Methods"", ""Additional_Notes""]",/media/maxim/Elements/grants/2024/INSRU/pgdal/cartApollo2026/cartOrder/cartorder/ancillary/ls-cmp-054_specimenchemistry.csv,/media/maxim/Elements/grants/2024/INSRU/pgdal/cartApollo2026/cartOrder/cartorder/ancillary/ls-cmp-054_specimenchemistry.xml,558037b7cff4b386d6f637e70c0f87dbd732c16fbc7622da1a95e25b0fd9dba2,5c9b192dd0301038fc418e5545033b90f52d426a8b2925a235e65f1fd1941451
ls-cmp-055_specimenchemistry,urn:nasa:pds:relab:data_ancillary_chemistry:ls-cmp-055_specimenchemistry,1.1,1,LS-CMP-055,BULK,Bulk,44.76,0.6,26.35,0.13,0,5.76,0.07,6.33,15.55,0.41,0.14,0.12,0,0,600,47,0,29,"Morris et al., 1983. Handbook of Lunar Soils, Part 2, p. 648.",Apollo 16 soil #69961 from Station 9.,"[""Specimen_ID"", ""Phase_Abbreviation"", ""Phase"", ""SiO2_percent"", ""TiO2_percent"", ""Al2O3_percent"", ""Cr2O3_percent"", ""Fe2O3_percent"", ""x_FeO_percent"", ""MnO_percent"", ""MgO_percent"", ""CaO_percent"", ""Na2O_percent"", ""K2O_percent"", ""P2O5_percent"", ""Loss_On_Ignition"", ""Cu_ppm"", ""Ni_ppm"", ""Co_ppm"", ""Zn_ppm"", ""V_ppm"", ""Sources_And_Methods"", ""Additional_Notes""]",/media/maxim/Elements/grants/2024/INSRU/pgdal/cartApollo2026/cartOrder/cartorder/ancillary/ls-cmp-055_specimenchemistry.csv,/media/maxim/Elements/grants/2024/INSRU/pgdal/cartApollo2026/cartOrder/cartorder/ancillary/ls-cmp-055_specimenchemistry.xml,c722228d526f4ddb2feaa5a57e74aea40ba2e673675f9e0599e80b4c3b7801e0,0ba2b71365af8a57bd2963707e71c53f09037aab21f46cf164abd398fc1532ae
ls-cmp-056_specimenchemistry,urn:nasa:pds:relab:data_ancillary_chemistry:ls-cmp-056_specimenchemistry,1.1,1,LS-CMP-056,BULK,Bulk,40.27,9.41,11.31,0.46,0,17.2,0.25,9.59,10.97,0.33,0.08,0.07,0,0,100,27,0,100,"Morris et al., 1983. Handbook of Lunar Soils, Part 2, p. 816.",Apollo 17 soil #75080 from Station 5.,"[""Specimen_ID"", ""Phase_Abbreviation"", ""Phase"", ""SiO2_percent"", ""TiO2_percent"", ""Al2O3_percent"", ""Cr2O3_percent"", ""Fe2O3_percent"", ""x_FeO_percent"", ""MnO_percent"", ""MgO_percent"", ""CaO_percent"", ""Na2O_percent"", ""K2O_percent"", ""P2O5_percent"", ""Loss_On_Ignition"", ""Cu_ppm"", ""Ni_ppm"", ""Co_ppm"", ""Zn_ppm"", ""V_ppm"", ""Sources_And_Methods"", ""Additional_Notes""]",/media/maxim/Elements/grants/2024/INSRU/pgdal/cartApollo2026/cartOrder/cartorder/ancillary/ls-cmp-056_specimenchemistry.csv,/media/maxim/Elements/grants/2024/INSRU/pgdal/cartApollo2026/cartOrder/cartorder/ancillary/ls-cmp-056_specimenchemistry.xml,55af17a7fceafc14c72657cfc82731a27db365e885677defac21b807a438f2bd,20d05876b624b1f9f936ea38333a56b438be43500337d30af99b85df7b795ea5
ls-cmp-057_specimenchemistry,urn:nasa:pds:relab:data_ancillary_chemistry:ls-cmp-057_specimenchemistry,1.1,1,LS-CMP-057,BULK,Bulk,45.18,0.58,26.65,0,0,5.48,0.07,6.28,15.35,0.47,0.11,0.12,0,0,560,34.7,0,0,"Morris et al., 1983. Handbook of Lunar Soils, Part 2, p. 620.",Apollo 16 soil #68501 from Station 8.,"[""Specimen_ID"", ""Phase_Abbreviation"", ""Phase"", ""SiO2_percent"", ""TiO2_percent"", ""Al2O3_percent"", ""Cr2O3_percent"", ""Fe2O3_percent"", ""x_FeO_percent"", ""MnO_percent"", ""MgO_percent"", ""CaO_percent"", ""Na2O_percent"", ""K2O_percent"", ""P2O5_percent"", ""Loss_On_Ignition"", ""Cu_ppm"", ""Ni_ppm"", ""Co_ppm"", ""Zn_ppm"", ""V_ppm"", ""Sources_And_Methods"", ""Additional_Notes""]",/media/maxim/Elements/grants/2024/INSRU/pgdal/cartApollo2026/cartOrder/cartorder/ancillary/ls-cmp-057_specimenchemistry.csv,/media/maxim/Elements/grants/2024/INSRU/pgdal/cartApollo2026/cartOrder/cartorder/ancillary/ls-cmp-057_specimenchemistry.xml,959364c2d3337ee39a310266d83c59466862377f0efae14cbff89eeef4a47046,1c94ed35cf6ba89152c95a966700f11ee9551fc8943da45450e735180f9ade1b
ls-cmp-058_specimenchemistry,urn:nasa:pds:relab:data_ancillary_chemistry:ls-cmp-058_specimenchemistry,1.1,1,LS-CMP-058,BULK,Bulk,49.91,1.17,14.53,0,0,14.05,0.19,12.12,10.7,0.35,0.16,0.15,0,0,234,51,0,97,"Morris et al., 1983. Handbook of Lunar Soils, Part 1, p. 362.",Apollo 15 soil #15301 from Station 7.,"[""Specimen_ID"", ""Phase_Abbreviation"", ""Phase"", ""SiO2_percent"", ""TiO2_percent"", ""Al2O3_percent"", ""Cr2O3_percent"", ""Fe2O3_percent"", ""x_FeO_percent"", ""MnO_percent"", ""MgO_percent"", ""CaO_percent"", ""Na2O_percent"", ""K2O_percent"", ""P2O5_percent"", ""Loss_On_Ignition"", ""Cu_ppm"", ""Ni_ppm"", ""Co_ppm"", ""Zn_ppm"", ""V_ppm"", ""Sources_And_Methods"", ""Additional_Notes""]",/media/maxim/Elements/grants/2024/INSRU/pgdal/cartApollo2026/cartOrder/cartorder/ancillary/ls-cmp-058_specimenchemistry.csv,/media/maxim/Elements/grants/2024/INSRU/pgdal/cartApollo2026/cartOrder/cartorder/ancillary/ls-cmp-058_specimenchemistry.xml,ad52ee58d4dcc575c258be0ca68a259fdd575458db141eb1773954ef13625643,7ce290732c67fc61f83eda4047292761c770745488a609d60591398dc8d8eb38
ls-cmp-059_specimenchemistry,urn:nasa:pds:relab:data_ancillary_chemistry:ls-cmp-059_specimenchemistry,1.1,1,LS-CMP-059,BULK,Bulk,0,1.4,16.1,0.36,0,12.09,0.16,0,11.89,0.45,0,0,0,0,250,42,0,81,"Morris et al., 1983. Handbook of Lunar Soils, Part 1, p. 346.",Apollo 15 soil #15261 from Station 6.,"[""Specimen_ID"", ""Phase_Abbreviation"", ""Phase"", ""SiO2_percent"", ""TiO2_percent"", ""Al2O3_percent"", ""Cr2O3_percent"", ""Fe2O3_percent"", ""x_FeO_percent"", ""MnO_percent"", ""MgO_percent"", ""CaO_percent"", ""Na2O_percent"", ""K2O_percent"", ""P2O5_percent"", ""Loss_On_Ignition"", ""Cu_ppm"", ""Ni_ppm"", ""Co_ppm"", ""Zn_ppm"", ""V_ppm"", ""Sources_And_Methods"", ""Additional_Notes""]",/media/maxim/Elements/grants/2024/INSRU/pgdal/cartApollo2026/cartOrder/cartorder/ancillary/ls-cmp-059_specimenchemistry.csv,/media/maxim/Elements/grants/2024/INSRU/pgdal/cartApollo2026/cartOrder/cartorder/ancillary/ls-cmp-059_specimenchemistry.xml,ac9b95444b70ca2b4bf712dbd499921fefc76a07fa6be06f5dcfa2572284d949,02a99394a529e1de494e35f92a80e50b7cfab45c92cdea9987d47303f1b5ad5f
ls-cmp-060_specimenchemistry,urn:nasa:pds:relab:data_ancillary_chemistry:ls-cmp-060_specimenchemistry,1.1,1,LS-CMP-060,BULK,Bulk,45.05,1.98,10.2,0.56,0,19.79,0.26,10.89,9.87,0.29,0.1,0.11,0,6.4,170,48.9,0,200,"Morris et al., 1983. Handbook of Lunar Soils, Part 1, p. 412.",Apollo 15 soil #15601 from Station 9a.,"[""Specimen_ID"", ""Phase_Abbreviation"", ""Phase"", ""SiO2_percent"", ""TiO2_percent"", ""Al2O3_percent"", ""Cr2O3_percent"", ""Fe2O3_percent"", ""x_FeO_percent"", ""MnO_percent"", ""MgO_percent"", ""CaO_percent"", ""Na2O_percent"", ""K2O_percent"", ""P2O5_percent"", ""Loss_On_Ignition"", ""Cu_ppm"", ""Ni_ppm"", ""Co_ppm"", ""Zn_ppm"", ""V_ppm"", ""Sources_And_Methods"", ""Additional_Notes""]",/media/maxim/Elements/grants/2024/INSRU/pgdal/cartApollo2026/cartOrder/cartorder/ancillary/ls-cmp-060_specimenchemistry.csv,/media/maxim/Elements/grants/2024/INSRU/pgdal/cartApollo2026/cartOrder/cartorder/ancillary/ls-cmp-060_specimenchemistry.xml,b178d3cca955256124af17aa4af50b245f4b765bd939d1642b7ec285300b845c,400d3c2791542459f457f6def928320346f961a1c9881e130b4e2b0598ac9bbc
ls-cmp-062_specimenchemistry,urn:nasa:pds:relab:data_ancillary_chemistry:ls-cmp-062_specimenchemistry,1.1,1,LS-CMP-062,BULK,Bulk,0,0,0,0,0,0,0,0,0,0,0,0,0,0,0,0,0,0,"Morris et al., 1983. Handbook of Lunar Soils, Part 1, p. 84.",Apollo 12 soil #12024,"[""Specimen_ID"", ""Phase_Abbreviation"", ""Phase"", ""SiO2_percent"", ""TiO2_percent"", ""Al2O3_percent"", ""Cr2O3_percent"", ""Fe2O3_percent"", ""x_FeO_percent"", ""MnO_percent"", ""MgO_percent"", ""CaO_percent"", ""Na2O_percent"", ""K2O_percent"", ""P2O5_percent"", ""Loss_On_Ignition"", ""Cu_ppm"", ""Ni_ppm"", ""Co_ppm"", ""Zn_ppm"", ""V_ppm"", ""Sources_And_Methods"", ""Additional_Notes""]",/media/maxim/Elements/grants/2024/INSRU/pgdal/cartApollo2026/cartOrder/cartorder/ancillary/ls-cmp-062_specimenchemistry.csv,/media/maxim/Elements/grants/2024/INSRU/pgdal/cartApollo2026/cartOrder/cartorder/ancillary/ls-cmp-062_specimenchemistry.xml,78e90f56d29d05f6bd146cb512dbf613189b234b836f67fc63c5c40bb53e17d4,0a1c71699c27d5c6e7c67a3b84917f5b09c22d9d09ce17d3bc202116f617c8fa
ls-cmp-065_specimenchemistry,urn:nasa:pds:relab:data_ancillary_chemistry:ls-cmp-065_specimenchemistry,1.1,1,LS-CMP-065,BULK,Bulk,46.54,3.28,10.45,0.48,0,19.66,0.26,7.97,10.94,0.29,0.07,0.13,0,7.8,20,38.8,0.93,150,"Lofgren & Lofgren, 1981. Lunar and Plan. Contrib. 438, p.172.",Apollo 12 Mare Basalt Sample #12065,"[""Specimen_ID"", ""Phase_Abbreviation"", ""Phase"", ""SiO2_percent"", ""TiO2_percent"", ""Al2O3_percent"", ""Cr2O3_percent"", ""Fe2O3_percent"", ""x_FeO_percent"", ""MnO_percent"", ""MgO_percent"", ""CaO_percent"", ""Na2O_percent"", ""K2O_percent"", ""P2O5_percent"", ""Loss_On_Ignition"", ""Cu_ppm"", ""Ni_ppm"", ""Co_ppm"", ""Zn_ppm"", ""V_ppm"", ""Sources_And_Methods"", ""Additional_Notes""]",/media/maxim/Elements/grants/2024/INSRU/pgdal/cartApollo2026/cartOrder/cartorder/ancillary/ls-cmp-065_specimenchemistry.csv,/media/maxim/Elements/grants/2024/INSRU/pgdal/cartApollo2026/cartOrder/cartorder/ancillary/ls-cmp-065_specimenchemistry.xml,2db5df01fcda0f625a67da0c041714b43e978517b48df7b4a5724f24ff231be5,b58d24dac09f8d4b1fc5f25b8a149c74a37d2aaa8d07fa5262d7841180134c4e
ls-cmp-077_specimenchemistry,urn:nasa:pds:relab:data_ancillary_chemistry:ls-cmp-077_specimenchemistry,1.1,1,LS-CMP-077,BULK,Bulk,45.8,1.43,18.3,0.19,0,8.4,0.11,13,10.9,0.62,0.24,0,0,0,227,23.7,0,0,"Microprobe fused bead / INAA at JSC by Graham Ryder, LPI.","Sm 13.2 ppm, Sc 15.0 ppm.","[""Specimen_ID"", ""Phase_Abbreviation"", ""Phase"", ""SiO2_percent"", ""TiO2_percent"", ""Al2O3_percent"", ""Cr2O3_percent"", ""Fe2O3_percent"", ""x_FeO_percent"", ""MnO_percent"", ""MgO_percent"", ""CaO_percent"", ""Na2O_percent"", ""K2O_percent"", ""P2O5_percent"", ""Loss_On_Ignition"", ""Cu_ppm"", ""Ni_ppm"", ""Co_ppm"", ""Zn_ppm"", ""V_ppm"", ""Sources_And_Methods"", ""Additional_Notes""]",/media/maxim/Elements/grants/2024/INSRU/pgdal/cartApollo2026/cartOrder/cartorder/ancillary/ls-cmp-077_specimenchemistry.csv,/media/maxim/Elements/grants/2024/INSRU/pgdal/cartApollo2026/cartOrder/cartorder/ancillary/ls-cmp-077_specimenchemistry.xml,d4a31564124928c78b88bb76bfdada095ddbc0722aab735dafa37d4a017dfe61,bdc220988329241761b9d4e082d37ee2ae4508b69f9d0b0bcca0bcd9cd801a06
ls-cmp-079_specimenchemistry,urn:nasa:pds:relab:data_ancillary_chemistry:ls-cmp-079_specimenchemistry,1.1,1,LS-CMP-079,BULK,Bulk,46.4,1.49,18.2,0.19,0,8.4,0.12,10.5,11.2,0.67,0.3,0,0,0,250,28.35,0,0,"Microprobe fused bead / INAA at JSC by Graham Ryder, LPI.","Sm 16.6 ppm, Sc 17.4 ppm.","[""Specimen_ID"", ""Phase_Abbreviation"", ""Phase"", ""SiO2_percent"", ""TiO2_percent"", ""Al2O3_percent"", ""Cr2O3_percent"", ""Fe2O3_percent"", ""x_FeO_percent"", ""MnO_percent"", ""MgO_percent"", ""CaO_percent"", ""Na2O_percent"", ""K2O_percent"", ""P2O5_percent"", ""Loss_On_Ignition"", ""Cu_ppm"", ""Ni_ppm"", ""Co_ppm"", ""Zn_ppm"", ""V_ppm"", ""Sources_And_Methods"", ""Additional_Notes""]",/media/maxim/Elements/grants/2024/INSRU/pgdal/cartApollo2026/cartOrder/cartorder/ancillary/ls-cmp-079_specimenchemistry.csv,/media/maxim/Elements/grants/2024/INSRU/pgdal/cartApollo2026/cartOrder/cartorder/ancillary/ls-cmp-079_specimenchemistry.xml,5873a90ae92caa91f731e1a41309180286809c4f72c741aba2c8440aa5c03d97,a307ecd33ac4fe696a7c6978ffdd768a9fbd2262a6963fbe382b5a8973f2861e
ls-cmp-088_specimenchemistry,urn:nasa:pds:relab:data_ancillary_chemistry:ls-cmp-088_specimenchemistry,1.1,1,LS-CMP-088,BULK,Bulk,46.5,2.9,15.2,0.26,0,14.1,0.2,9.4,10.7,0.59,0.36,0,0,0,0,0,0,0,"Frondel et al., 1971 (<37um)",Ropy brown glass (possibly from Copernicus impact),"[""Specimen_ID"", ""Phase_Abbreviation"", ""Phase"", ""SiO2_percent"", ""TiO2_percent"", ""Al2O3_percent"", ""Cr2O3_percent"", ""Fe2O3_percent"", ""x_FeO_percent"", ""MnO_percent"", ""MgO_percent"", ""CaO_percent"", ""Na2O_percent"", ""K2O_percent"", ""P2O5_percent"", ""Loss_On_Ignition"", ""Cu_ppm"", ""Ni_ppm"", ""Co_ppm"", ""Zn_ppm"", ""V_ppm"", ""Sources_And_Methods"", ""Additional_Notes""]",/media/maxim/Elements/grants/2024/INSRU/pgdal/cartApollo2026/cartOrder/cartorder/ancillary/ls-cmp-088_specimenchemistry.csv,/media/maxim/Elements/grants/2024/INSRU/pgdal/cartApollo2026/cartOrder/cartorder/ancillary/ls-cmp-088_specimenchemistry.xml,6c8bffa89946d8ba119cade7591e537eaf48e2d038ea864417882d637c4fb649,59a919d41a41d079411475adf6f7846f7ce40676cb8b94bd4f7514d95d02f742
ls-cmp-093_specimenchemistry,urn:nasa:pds:relab:data_ancillary_chemistry:ls-cmp-093_specimenchemistry,1.1,1,LS-CMP-093,BULK,Bulk,48.2,2.33,15.1,0.37,0,12.9,0.18,8.43,10.6,0.87,0.54,0.55,0,0,0,0,0,0,"Cuttitta et al., 1971",Ropy brown glass (possibly from Copernicus impact),"[""Specimen_ID"", ""Phase_Abbreviation"", ""Phase"", ""SiO2_percent"", ""TiO2_percent"", ""Al2O3_percent"", ""Cr2O3_percent"", ""Fe2O3_percent"", ""x_FeO_percent"", ""MnO_percent"", ""MgO_percent"", ""CaO_percent"", ""Na2O_percent"", ""K2O_percent"", ""P2O5_percent"", ""Loss_On_Ignition"", ""Cu_ppm"", ""Ni_ppm"", ""Co_ppm"", ""Zn_ppm"", ""V_ppm"", ""Sources_And_Methods"", ""Additional_Notes""]",/media/maxim/Elements/grants/2024/INSRU/pgdal/cartApollo2026/cartOrder/cartorder/ancillary/ls-cmp-093_specimenchemistry.csv,/media/maxim/Elements/grants/2024/INSRU/pgdal/cartApollo2026/cartOrder/cartorder/ancillary/ls-cmp-093_specimenchemistry.xml,53bff1f99e656296f1eba0a16bea3e4a955b785f7471116d48b727a4d743212c,758025745c047be1affa89dbc0d4d7f0fc955315bf6548012e5c0ac905b97bc1
ls-cmp-097_specimenchemistry,urn:nasa:pds:relab:data_ancillary_chemistry:ls-cmp-097_specimenchemistry,1.1,1,LS-CMP-097,BSLT,Bronzite,47.8,0.63,23.6,0.15,0,5.4,0.07,8.5,13.5,0.43,0.22,0,0,0,0,0,3,0,"Haskin et al., 1973",Glass-coated basaltic impact melt (possibly from South Ray Crater format,"[""Specimen_ID"", ""Phase_Abbreviation"", ""Phase"", ""SiO2_percent"", ""TiO2_percent"", ""Al2O3_percent"", ""Cr2O3_percent"", ""Fe2O3_percent"", ""x_FeO_percent"", ""MnO_percent"", ""MgO_percent"", ""CaO_percent"", ""Na2O_percent"", ""K2O_percent"", ""P2O5_percent"", ""Loss_On_Ignition"", ""Cu_ppm"", ""Ni_ppm"", ""Co_ppm"", ""Zn_ppm"", ""V_ppm"", ""Sources_And_Methods"", ""Additional_Notes""]",/media/maxim/Elements/grants/2024/INSRU/pgdal/cartApollo2026/cartOrder/cartorder/ancillary/ls-cmp-097_specimenchemistry.csv,/media/maxim/Elements/grants/2024/INSRU/pgdal/cartApollo2026/cartOrder/cartorder/ancillary/ls-cmp-097_specimenchemistry.xml,9c0943bae7213a1f5960a5135dc1268978b20a145e55d54e613a9ab62744ec8f,4800198e2161fc934324bdf6e21c27447045821bee3ef931f0f027bd0ff64361
ls-cmp-097_specimenchemistry,urn:nasa:pds:relab:data_ancillary_chemistry:ls-cmp-097_specimenchemistry,1.1,2,LS-CMP-097,GLS,Glass,44.1,0.42,25.1,0.15,0,6.1,0.07,8,14.5,0.36,0.08,0,0,0,0,0,2.4,0,"Haskin et al., 1973",Glass-coated basaltic impact (possibly from South Ray Crater formation),"[""Specimen_ID"", ""Phase_Abbreviation"", ""Phase"", ""SiO2_percent"", ""TiO2_percent"", ""Al2O3_percent"", ""Cr2O3_percent"", ""Fe2O3_percent"", ""x_FeO_percent"", ""MnO_percent"", ""MgO_percent"", ""CaO_percent"", ""Na2O_percent"", ""K2O_percent"", ""P2O5_percent"", ""Loss_On_Ignition"", ""Cu_ppm"", ""Ni_ppm"", ""Co_ppm"", ""Zn_ppm"", ""V_ppm"", ""Sources_And_Methods"", ""Additional_Notes""]",/media/maxim/Elements/grants/2024/INSRU/pgdal/cartApollo2026/cartOrder/cartorder/ancillary/ls-cmp-097_specimenchemistry.csv,/media/maxim/Elements/grants/2024/INSRU/pgdal/cartApollo2026/cartOrder/cartorder/ancillary/ls-cmp-097_specimenchemistry.xml,9c0943bae7213a1f5960a5135dc1268978b20a145e55d54e613a9ab62744ec8f,4800198e2161fc934324bdf6e21c27447045821bee3ef931f0f027bd0ff64361
ls-cmp-097_specimenchemistry,urn:nasa:pds:relab:data_ancillary_chemistry:ls-cmp-097_specimenchemistry,1.1,3,LS-CMP-097,PMLT,Plagioclase,48.6,0.67,17.5,0.25,0,6.5,0.07,14,11.3,0.84,0.26,0,0,0,0,0,0,0,"Haskin et al., 1973",Glass-coated basaltic impact melt (possibly from South Ray Crater format,"[""Specimen_ID"", ""Phase_Abbreviation"", ""Phase"", ""SiO2_percent"", ""TiO2_percent"", ""Al2O3_percent"", ""Cr2O3_percent"", ""Fe2O3_percent"", ""x_FeO_percent"", ""MnO_percent"", ""MgO_percent"", ""CaO_percent"", ""Na2O_percent"", ""K2O_percent"", ""P2O5_percent"", ""Loss_On_Ignition"", ""Cu_ppm"", ""Ni_ppm"", ""Co_ppm"", ""Zn_ppm"", ""V_ppm"", ""Sources_And_Methods"", ""Additional_Notes""]",/media/maxim/Elements/grants/2024/INSRU/pgdal/cartApollo2026/cartOrder/cartorder/ancillary/ls-cmp-097_specimenchemistry.csv,/media/maxim/Elements/grants/2024/INSRU/pgdal/cartApollo2026/cartOrder/cartorder/ancillary/ls-cmp-097_specimenchemistry.xml,9c0943bae7213a1f5960a5135dc1268978b20a145e55d54e613a9ab62744ec8f,4800198e2161fc934324bdf6e21c27447045821bee3ef931f0f027bd0ff64361
